address,tagname,description,SCADA_Tag,type
0.00,ALARMCANCEL,"""ALARM CANCEL""",,BOOL
0.01,I001,"""PROCES START/STOP""",,BOOL
0.02,STER_LAMP_TEST_DI,"""LAMP TEST""",,BOOL
0.03,I003,"""CIP START/STOP""",,BOOL
0.04,I004,"""STERILE TANK WATER VALVE ON/OFF""",,BOOL
0.05,I005,"""PUMP 116 (P.B)""",,BOOL
0.06,I006,"""VOTATOR FEED PUMP WEST 118""",,BOOL
0.07,I007,"""PLANT PURGE""",,BOOL
0.08,I008,"""EMERGENCY STOP""",,BOOL
0.09,STER_TOGGLE_SWITCH_MANUAL,"""Toggle Switch Manual @ Sterilizer Panel""",,BOOL
0.12,I012,"""SEPARATOR PRESSURE S.P. SWITCH""",,BOOL
1.01,I101,"""PUMP P72 FAULT RELAY""",,BOOL
1.02,I102,"""PUMP P64 FAULT RELAY""",,BOOL
1.03,I103,"""PUMP 76 FAULT RELAY""",,BOOL
1.04,I104_P116_FAULT,"""PUMP 116 FAULT RELAY""",,BOOL
1.05,I105_P118_FAULT,"""PUMP 118 FAULT RELAY""",,BOOL
1.07,WASHOUT_OPEN,"""WASHOUT PLATE OPEN ""2.04 from Chem PLC""""",,BOOL
1.08,START_P116,"""START P-116 FROM CHEMETATOR PANEL""",,BOOL
1.09,WASHOUT_CANDL,"""WASHOUT PLATE CLOSED AND LOCKED""",,BOOL
1.10,STER_CHEM_IN_PARK_POSITION,"""CHEMETATOR IN PARK POSITION""",,BOOL
1.12,TOGGLE_SWITCH_MAN_POSITION,"""Toggle Switch MAN Position""",,BOOL
100.02,AC1C1,"""SCALING ON""",,BOOL
100.03,AC1C2,"""SCALING ON""",,BOOL
100.04,AC1C3,"""SCALING ON""",,BOOL
100.05,AC1C4,"""SCALING ON""",,BOOL
101,Sterilizer_ADDR_101,,,DINT
103,Sterilizer_ADDR_103,,,DINT
104,Sterilizer_ADDR_104,,,DINT
110.02,AC2C1,"""SCALING ON""",,BOOL
110.03,AC2C2,"""SCALING ON""",,BOOL
110.04,AC2C3,"""SCALING ON""",,BOOL
110.05,AC2C4,"""SCALING ON""",,BOOL
111,Sterilizer_ADDR_111,,,DINT
112,Sterilizer_ADDR_112,,,DINT
113,Sterilizer_ADDR_113,,,DINT
114,Sterilizer_ADDR_114,,,DINT
2.00,STER_P64_STATUS,"""STERILIZER P64 STATUS""",,BOOL
2.01,STER_P72_STATUS,"""STERILIZER P72 STATUS""",,BOOL
2.02,STER_P66_STATUS,"""STERILIZER P66 STATUS""",,BOOL
2.03,STER_P67_STATUS,"""STERILIZER P67 STATUS""",,BOOL
2.04,STER_P68_STATUS,"""STERILIZER P68 STATUS""",,BOOL
2.05,STER_P69_STATUS,"""STERILIZER P69 STATUS""",,BOOL
2.06,STER_P76_STATUS,"""STERILIZER P76 STATUS""",,BOOL
2.07,STER_P116_STATUS,"""STERILIZER P116 starter when in auto""",,BOOL
2.08,STER_P118_STATUS,"""STERILIZER P118 starter when in auto""",,BOOL
2.09,STER_P117_STATUS,"""STERILIZER P117 STATUS""",,BOOL
2.10,STER_P119_STATUS,"""STERILIZER P119 STATUS""",,BOOL
2.13,ACID_PUMP,"""Monthly Acid pump""",,BOOL
2.14,STER_SANITIZER_PMP,"""Sterilizer Sanitizer Pump Status""",,BOOL
2.15,STER_CAUSTIC_PMP,"""Sterilizer Caustic Pump Status""",,BOOL
232.02,TO_CONTROL_PU64,"""TO OPERATE PRODUCT FEED PUMP STARTER P64""",,BOOL
232.03,TO_CONTROL_P72,"""TO OPERATE SEPARATOR PUMP STARTER P72""",,BOOL
233.00,SCADA_ALRM_CNCL,"""SCADA Remote Alarm Cancel""",,BOOL
233.01,STER_PROCESS_START_SCADA_PB,"""Sterilizer Process SCADA Start""",,BOOL
233.03,STER_CIP_START_SCADA_PB,"""Sterilizer CIP SCADA Start""",,BOOL
233.05,STER_P116_START_DO,"""P116 START PUSH BUTTON""",,BOOL
233.07,STER_PROD_PURGE_SCADA_PB,"""Sterilizer Production Purge SCADA Start""",,BOOL
233.09,STER_CIP_STATUS,"""MONITORS IF IN CIP MODE""",,BOOL
253.13,ON,"""System Normally On Flag""",,BOOL
253.14,OFF,"""System Normally Off Flag""",,BOOL
253.15,_FIRST_SCAN,"""System First Scan Flag""",,BOOL
255.05,GREATER_THAN,"""System Greater Than (GE) Flag""",,BOOL
255.06,EQUALS,"""System Equals (EQ) Flag""",,BOOL
255.07,LESS_THAN,"""System Less Than (LE) Flag""",,BOOL
272.12,MEMORYMINUSERROR,"""MEMORY ERROR""",,BOOL
3.00,CR300,"""STOP COMMAND TO CHEM ""AT PURGE CYCLE"" & STERILI...""",,BOOL
3.01,CR301,"""VACUUM PUMP 2ND SETPOINT""",,BOOL
3.02,CR302,"""SPARE""",,BOOL
3.03,CR303,"""SEPARATOR EXTRACT PUMP 2ND SETPOINT""",,BOOL
3.04,CR304,"""HOT WATER 2ND SETPOINT""",,BOOL
3.06,STER_V116,"""Vert. Condenser Cooling Water Valves""",,BOOL
3.07,CR307,"""to P117 controller to change speed durring caus...""",,BOOL
3.08,STER_PROCESS_ALARM,"""AUDIBLE ALARM BUZZER""",,BOOL
3.09,CR309,"""VISUAL ALARM WARNING BEACON""",,BOOL
3.10,STERILIZER_TO_EXT_VALVE,"""Sterilizer to Ext. Valve""",,BOOL
3.11,VERT_CONDENSER_CONDENSATE_RETURN,"""Vert. Condenser Condensate Return (V114) 1=off""",,BOOL
3.12,STER_V115,"""Vert. Condenser CIP Valve""",,BOOL
3.13,CR313,"""BCD #2 I/O COMM. OMRON PLC""",,BOOL
3.14,CR314,"""BCD #3 I/O COMM. OMRON PLC""",,BOOL
3.15,CR315,"""BCD #4 I/O COMM. OMRON PLC""",,BOOL
300.00,ALWAYSMINUSFALSE,""" """,,BOOL
301.00,PULSEMINUS1MINUS1,"""PULSATION 1 SEC. ON 1 SEC. OFF""",,BOOL
301.03,Tag_10SECONDSMINUS3,"""10 SECONDS PULSATION""",,BOOL
305.00,P207CNT,"""COUNTER PUMP 207""",,BOOL
305.01,ONDIVIDEOFFP207,"""ON/OFF PUMP P207""",,BOOL
305.03,P208CNT,"""PUMP P208 WEST RESET""",,BOOL
305.04,ONDIVIDEOFFP208,"""ON/OFF PUMP P208""",,BOOL
305.10,VTLAMP,"""VOTATOR LAMP FLASH""",,BOOL
306.00,STERILMINUSTKMINUSWATE2,"""STERILE TANK WATER CONTROL""",,BOOL
310.00,V88AM,""" """,,BOOL
310.01,V77AM,""" """,,BOOL
310.02,V90AM,""" """,,BOOL
310.03,V101ABAM,""" """,,BOOL
310.04,V93AM,""" """,,BOOL
310.05,V100AM,""" """,,BOOL
310.06,V91ABAM,""" """,,BOOL
310.07,V103AM,""" """,,BOOL
310.08,V104AM,""" """,,BOOL
310.09,V106AM,""" """,,BOOL
310.11,V108ABAM,""" """,,BOOL
310.12,V109ABAM,""" """,,BOOL
310.13,V110AM,""" """,,BOOL
310.14,P66AM,""" """,,BOOL
310.15,P67AM,""" """,,BOOL
311.00,P68AM,""" """,,BOOL
311.01,P69AM,""" """,,BOOL
311.02,P76AM,""" """,,BOOL
311.03,P116AM,""" """,,BOOL
311.04,P118AM,""" """,,BOOL
311.05,P117AM,""" """,,BOOL
311.06,P119AM,""" """,,BOOL
311.09,P64AM,""" """,,BOOL
311.10,P72AM,""" """,,BOOL
311.11,V111AM,"""V111AM""",,BOOL
311.12,V111_SCADAMAN,"""V111 SCADAMAN""",,BOOL
311.13,V112AM,"""V112AM""",,BOOL
311.14,V112SCADAMAN,"""V112SCADAMAN""",,BOOL
312.00,V88SCADAMAN,""" """,,BOOL
312.01,V77SCADAMAN,""" """,,BOOL
312.02,V90SCADAMAN,""" """,,BOOL
312.03,V101ABSCADAMAN,""" """,,BOOL
312.04,V93SCADAMAN,""" """,,BOOL
312.05,V100SCADAMAN,""" """,,BOOL
312.06,V91ABSCADAMAN,""" """,,BOOL
312.07,V103SCADAMAN,""" """,,BOOL
312.08,V104SCADAMAN,""" """,,BOOL
312.09,V106SCADAMAN,""" """,,BOOL
312.11,V108ABSCADAMAN,""" """,,BOOL
312.12,V109ABSCADAMAN,""" """,,BOOL
312.13,V110SCADAMAN,""" """,,BOOL
312.14,P66SCADAMAN,""" """,,BOOL
312.15,P67SCADAMAN,""" """,,BOOL
313.00,P68SCADAMAN,""" """,,BOOL
313.01,P69SCADAMAN,""" """,,BOOL
313.02,P76SCADAMAN,""" """,,BOOL
313.03,P116SCADAMAN,""" """,,BOOL
313.04,P118SCADAMAN,""" """,,BOOL
313.05,P117SCADAMAN,""" """,,BOOL
313.06,P119SCADAMAN,""" """,,BOOL
313.09,P64SCADAMAN,""" """,,BOOL
313.10,P72SCADAMAN,""" """,,BOOL
315.04,STER_STEAM_PRESSURE_ALM,"""Sterilizer Low Steam Pressure Alarm""",,BOOL
4.00,STER_V88,"""STERILE TANK WATER VALVE V77""",,BOOL
4.01,STER_V77,"""BALANCE TANK WATER VALVE V88""",,BOOL
4.02,STER_V90,"""BALANCE TANK SPRAY BALL V-90""",,BOOL
4.03,STER_V91,"""CIP PUMP A ISOLATION VALVE V101""",,BOOL
4.04,STER_V93,"""STEAM VALVE V93""",,BOOL
4.05,SV405_BPV,"""Back Pressure Valve Air supply V-98""",,BOOL
4.06,STER_V99,"""SEPARATOR VACUUM VALVE V99""",,BOOL
4.07,STER_V100,"""SEPARATOR CIP SPRAY BALL VALVE V100""",,BOOL
4.08,STER_V101,"""CIP PUMP B ISOLATION VALVES V91""",,BOOL
4.09,STER_V103,"""V103 STATUS (O/P INVERTED)""",,BOOL
4.10,STER_V104,"""V104 STATUS""",,BOOL
4.11,STER_V106,"""STERILE TANK CIP SPRAY BALL V-106""",,BOOL
4.12,STER_V107,"""STERILE TANK BLOCKING VALVE V107 (N/O)""",,BOOL
4.13,STER_V108,"""CIP PUMP EAST VOTATOR ISOLATION VALVE V108""",,BOOL
4.14,STER_V109,"""CIP PUMP WEST VOTATOR ISOLATION VALVE V109""",,BOOL
4.15,STER_V110,"""BALANCE TANK CIP RETURN VALVE 110 N.O to drian ...""",,BOOL
400.00,STER_PROCESS_PS1,"""PROCESS STARTED""",,BOOL
400.02,STER_PROCESS_PS2,"""START P116 / P76""",,BOOL
400.04,STER_PROCESS_PS3,"""START P64""",,BOOL
400.06,STER_PROCESS_PS4,"""START VACUUM""",,BOOL
400.08,STER_PROCESS_PS5,"""START VACUUM MONITORING""",,BOOL
400.10,STER_PROCESS_PS6,"""START P64""",,BOOL
400.12,STER_PROCESS_PS7,"""RECIRCULATION""",,BOOL
400.14,STER_PROCESS_PS8,"""START STEAM / POSITION VALVES""",,BOOL
401.00,STER_PROCESS_PS9,"""START STERILIZATION TIME""",,BOOL
401.02,STER_PROCESS_PS10,"""SYSTEM STERILE (READY)""",,BOOL
401.04,STER_PROCESS_PS11,"""TRANSITION TO PRODUCT""",,BOOL
401.06,STER_PROCESS_PS12,"""START FEED CONTROL""",,BOOL
401.08,STER_PROCESS_PS13,"""WAITING FOR SEPARATOR LEVEL""",,BOOL
401.10,STER_PROCESS_PS14,"""SYSTEM FORWARD (ONLINE)""",,BOOL
401.12,STER_PROCESS_PS15,"""START PRODUCTION MONITORING""",,BOOL
401.14,STER_PROCESS_PS18,"""LOW TEMP RECIRC TIME (2min)""",,BOOL
415.00,P200MINUSPULSE,""" """,,BOOL
415.02,P207MINUSPULSE,""" """,,BOOL
415.03,P208MINUSPULSE,""" """,,BOOL
415.08,V411MINUSPULSE,""" """,,BOOL
420.00,STER_CIP_CS1,"""CIP STARTED""",,BOOL
420.02,STER_CIP_CS2,"""EMPTY BALANCE TANK""",,BOOL
420.04,STER_CIP_CS3,"""BALANCE TANK LEVEL CONTROL""",,BOOL
420.06,STER_CIP_CS4,"""VOTATOR PULSATION""",,BOOL
420.08,STER_CIP_CS5,"""START STEAM""",,BOOL
420.10,STER_CIP_CS6,"""PRE-RINSE DONE""",,BOOL
420.12,STER_CIP_CS7,"""RINSE RECIRCULATION""",,BOOL
420.14,STER_CIP_CS8,"""EMPTY BALANCE TANK""",,BOOL
421.00,STER_CIP_CS9,"""FLUSH TO DRAIN""",,BOOL
421.02,STER_CIP_CS10,"""RECIRCULATION""",,BOOL
421.04,STER_CIP_CS11,"""RECIRCULATION DONE""",,BOOL
421.06,STER_CIP_CS12,"""DETERGENT WASH""",,BOOL
421.08,STER_CIP_CS13,"""EMPTY BALANCE TANK""",,BOOL
421.10,STER_CIP_CS14,"""RINSE #2""",,BOOL
421.12,STER_CIP_CS15,"""RECIRCULATION""",,BOOL
421.14,STER_CIP_CS16,"""EMPTY BALANCE TANK""",,BOOL
422.00,STER_CIP_CS17,"""FLUSH TO DRAIN""",,BOOL
422.02,STER_CIP_CS18,"""RECIRCULATION""",,BOOL
422.04,STER_CIP_CS19,"""ADVANCE""",,BOOL
422.06,STER_CIP_CS20,"""ACID WASH""",,BOOL
422.08,STER_CIP_CS21,"""EMPTY BALANCE TANK""",,BOOL
422.10,STER_CIP_CS22,"""RINSE #3""",,BOOL
422.12,STER_CIP_CS23,"""RECIRCULATION""",,BOOL
422.14,STER_CIP_CS24,"""EMPTY BALANCE TANK""",,BOOL
423.00,STER_CIP_CS25,"""STOP FEED""",,BOOL
423.02,STER_CIP_CS26,"""CIP DONE""",,BOOL
423.11,STER_SHORT_CIP_REMINDER,""">3Hrs from CIP to Startup - DO SHORT CIP""",,BOOL
424.02,STERILE_TK_5,"""Sterile TK > 5%""",,BOOL
424.03,STERILE_TK_30,"""Sterile TK < 30%""",,BOOL
424.04,B_T_6,"""B.T. < 6%""",,BOOL
450.00,STER_SHUTDOWN_SS1,"""SHUTDOWN STARTED""",,BOOL
450.02,STER_SHUTDOWN_SS2,"""STOP GELATIN FEED""",,BOOL
450.04,STER_SHUTDOWN_SS3,"""WATER FEED""",,BOOL
450.06,STER_SHUTDOWN_SS4,"""EMPTY SEPARATOR""",,BOOL
450.08,STER_SHUTDOWN_SS5,"""REBUILT SEPARATOR LEVEL""",,BOOL
450.10,STER_SHUTDOWN_SS6,"""WATER TO DRAIN""",,BOOL
450.12,STER_SHUTDOWN_SS7,"""RECIRCULATION""",,BOOL
450.14,STER_SHUTDOWN_SS8,"""EMPTY STERILE TANK""",,BOOL
451.00,STER_SHUTDOWN_SS9,"""FORWARD""",,BOOL
451.02,STER_SHUTDOWN_SS10,"""RECIRCULATION""",,BOOL
451.04,STER_SHUTDOWN_SS11,"""STOP STEAM""",,BOOL
451.06,STER_SHUTDOWN_SS12,"""SHUTDOWN COMPLETE""",,BOOL
455.02,WS1,"""WATER STEP #1""",,BOOL
455.04,WS2,"""WATER STEP #2""",,BOOL
455.08,WS3,"""WATER STEP #3""",,BOOL
465.02,SLCS1,""" """,,BOOL
465.04,SLCS2,"""SYSTEM IN RECIRCULATION V4.15 ENERG.""",,BOOL
465.08,SLCS3,"""RESET""",,BOOL
470.03,SEP_LVL_26PERCENT,""" """,,BOOL
470.04,SEPARATOR_10,"""Separator < 10%""",,BOOL
470.08,STER_LEVEL_SEPARATOR,"""SEPARATOR LEVEL HI - CHECK P72""",,BOOL
470.12,STER_AFTERLOOP_TEMP,"""AFTER LOOP TEMP <140 c""",,BOOL
470.13,SEP_LVL_65PERCENT,"""Seperator Level <65%""",,BOOL
470.14,STER_BEFORELOOP_TEMP,"""BEFORE LOOP TEMP <140 c""",,BOOL
471.00,STER_PU66_CIP_LOWFLOW,"""P66 CIP LowFlow Rate ""check P66""""",,BOOL
471.01,SEPERATOR_LEVEL_12,"""Seperator Level < 12%""",,BOOL
480.02,STOP_P67,"""Sep Level < 11%""",,BOOL
480.03,LOOPTEMPGRTRTHAN95C,"""loop temp >/= 95c  stop steam""",,BOOL
480.04,LOOPTEMPLESSTHAN85C,"""loop temp </= 85c  start steam""",,BOOL
481,Sterilizer_ADDR_481,,,DINT
482,Sterilizer_ADDR_482,,,DINT
489.15,CAUSTIC_FLOW_TARGET_REACHED,"""Caustic Flow Target Reached""",,BOOL
490.00,RINSE_STOP_TRIGGER,"""Conductivity less than rinse stop setpoint""",,BOOL
490.01,CAUSTIC_PUMP_STOP_TRIGGER,"""Caustic Pump Stop Trigger""",,BOOL
490.02,ADD_MORE_CAUSTIC,"""Add more Caustic""",,BOOL
490.03,ADD_MORE_SANITIZER,"""Add more Acid""",,BOOL
490.04,STEP_ADVANCE,"""STEP ADVANCE""",,BOOL
490.06,STER_CIP_COND1_DI,"""Sterilizer CIP Conductivity < 80mS""",,BOOL
490.09,PRERINSE_ADVANCE,"""PreRinse Advance""",,BOOL
490.13,P116_CIP_INHIBIT,"""P116 CIP Inhibit""",,BOOL
490.14,P116_1ST_CIP,"""P116 1st CIP""",,BOOL
491.00,CIP_MANUAL_PB,"""Manual CIP Selection PB""",,BOOL
491.01,CIP_AUTO_PB,"""Auto CIP Selection PB""",,BOOL
491.02,CIP_AUTO_MONTHLY_PB,"""Auto Monthly CIP Selection PB""",,BOOL
491.03,CIP_AUTO_SHORT_PB,"""Auto Short CIP Selection PB""",,BOOL
492.00,CIP_MANUAL_SELECTED,"""Manual CIP Selected""",,BOOL
492.01,CIP_AUTO_SELECTED,"""Auto CIP Selected""",,BOOL
492.02,CIP_AUTO_MONTHLY_SELECTED,"""Auto Monthly CIP Selected""",,BOOL
492.03,CIP_AUTO_SHORT_SELECTED,"""Auto Short CIP Selected""",,BOOL
493.00,STEP_REPEAT_PULSE,"""STEP REPEAT PULSE""",,BOOL
493.01,STEP_REPEAT,"""STEP REPEAT""",,BOOL
494.01,CIP_TOO_LONG_BIT,"""CIP TOO LONG BIT TO SCADA""",,BOOL
5.00,LA500,"""ALARM ACKNOWLEDGE LAMP""",,BOOL
5.01,STER_PROCESS_START_DI,"""PROCESS BUTTON LAMP""",,BOOL
5.02,LA502,"""CIP BUTTON LAMP""",,BOOL
5.03,STER_EXCEPTION_PROD_PURGE_DI,"""PRODUCTION PURGE - SUSPEND ON""",,BOOL
5.04,LA504,"""STERILE TANK HOT WATER VALVE LAMP""",,BOOL
5.05,LA505,"""VOTATOR FEED PUMP EAST LAMP""",,BOOL
5.06,STER_IND_P118,"""VOTATOR FEED PUMP WEST LAMP""",,BOOL
5.07,STER_IND_VAC_LIQ_LVL,"""VACUUM/LIQUID LEVEL LAMP""",,BOOL
5.08,STER_IND_WATER_STERILIZATION,"""WATER STERILIZATION TRANSITION LAMP""",,BOOL
5.09,STER_EXCEPTION_STER_TRANS_DI,"""STER TRANSITION IND LIGHT - SUSPEND OFF""",,BOOL
5.10,STER_IND_GEL_STERILIZATION,"""GELATIN STERILIZATION LAMP""",,BOOL
5.11,STER_IND_WATER_RINSE1,"""WATER RINSE #1 LAMP""",,BOOL
5.12,STER_IND_CAUSTIC,"""CAUSTIC/DETERGENT LAMP""",,BOOL
5.13,STER_IND_WATER_RINSE2,"""WATER RINSE #2 LAMP""",,BOOL
5.14,LA514,"""BALANCE TANK LEVEL ALARM LAMP""",,BOOL
5.15,LA515,"""SEPARATOR LEVEL ALARM LAMP""",,BOOL
500.00,BTLOW,"""B.T > 10%""",,BOOL
500.01,STER_LEVEL_BALANCE_TK_DA,"""BALANCE TANK LOW LEVEL <20%""",,BOOL
500.02,BTGRTRTHAN25PERCENT,"""B.T. > 25% ""START P76""""",,BOOL
500.03,STER_LEVEL_BALANCE_TK_LOW,"""BALANCE TANK LOW LEVEL <15%""",,BOOL
500.04,BTGRTRTHAN55PERCENT,"""B.T. > 55% ""STOP P76""""",,BOOL
500.05,CIPMINUSOVERFLOW,"""BALANCE TANK CIP OVERFLOW""",,BOOL
500.06,STER_LEVEL_BALANCE_TK_ALARM,"""STERILIZER BALANCE TANK LOW LEVEL""",,BOOL
500.07,BTLOWACK,"""BALANCE TANK LOW LEVEL ALARM CANCEL""",,BOOL
500.08,BTHIGHALARM,"""BALANCE TANK HIGH LEVEL ALARM""",,BOOL
500.09,BTHIGHCANCEL,"""BALANCE TANK HIGH LEVEL ALARM CANCEL""",,BOOL
500.10,BT_LL_5PERCENT,"""BALANCE TANK LOW 5%""",,BOOL
500.11,BT_LVL,"""B.T > 6%""",,BOOL
500.12,BTK_LEVEL_75PERCENT,"""BALANCE TANK LEVEL > 75%""",,BOOL
500.13,BTLESSTHAN15PERCENT,"""B.T. < 15%""",,BOOL
500.14,_BTGRTRTHAN30PERCENT,""" """,,BOOL
500.15,STER_PROC_CHEM_START_DI,"""Batch Start Gelly on belt ""CIP timming Report""""",,BOOL
501.00,LLST,"""LOW LEVEL STERILE TANK >10%""",,BOOL
501.01,STERIL_TK_25,"""Steril TK > 25%""",,BOOL
501.02,MLST,"""MID LEVEL STERILE TANK >15%""",,BOOL
501.03,STK_25PERCENT,"""Steril Tank >30%""",,BOOL
501.04,HLST,"""HIGH LEVEL STERILE TANK >80%""",,BOOL
501.05,STK_35PERCENT,"""Steril Tank >35%""",,BOOL
501.06,STLOWALARM,"""STERILE TANK LOW LEVEL ALARM <6%""",,BOOL
501.07,STLOWACK,"""STERILE TANK LOW LEVEL ALARM CANCEL""",,BOOL
501.08,STHIGHALARM,"""STERILE TANK HIGH ALARM >90%""",,BOOL
501.09,STHIGHCANCEL,"""STERILE TANK HIGH LEVEL ALARM CANCEL""",,BOOL
501.10,STER_LVL_8PERCENT,"""STER TK < 8% ""Open V77 to clean out Chemetator""""",,BOOL
501.11,VERYMINUSLOWMINUSLEVEL,"""RESET VOTATOR LOW LEVEL STERILE TANK 3%""",,BOOL
501.12,STTKLESS90PERCENT,"""STERILE TANK LEVEL LESS THAN 90%""",,BOOL
501.13,STTKHIGH85PERCENT,"""STERILE TANK LEVEL greater than 85%""",,BOOL
501.14,STKLEVELGRTRTHAN95PERCENT,"""STERILE TANK LEVEL MORE THAN 95%""",,BOOL
502.00,HIGHPRESSW,"""HIGH PRESSURE SWITCH ALARM""",,BOOL
502.01,PRESWAK,"""PRESURE ALARM ACK""",,BOOL
502.04,LOWTEMPALARM,"""LOW TEMP. ALARM""",,BOOL
502.05,LOWTEMPACK,"""LOW TEMPERATURE ALARM ACKNOWLEDGE""",,BOOL
502.08,SEPLEVELALARM,"""SEPARATOR LEVEL ALARM""",,BOOL
502.09,SEPALARMACK,"""SEPARATOR LEVEL ALARM ACK.""",,BOOL
502.12,VACUUMALARM,"""LOW VACUUM ALARM""",,BOOL
502.13,VACUUMALARACK,"""VACUUM ALARM ACK.""",,BOOL
502.14,BALANCE_TANK_35,"""Balance Tank > 35%""",,BOOL
502.15,BALANCE_TANK_45,"""Balance Tank > 45%""",,BOOL
503.00,STER_VSD_FAULT_ALARM,"""STER_PUMPS_VSD_FAULT""",,BOOL
503.01,VSDALARMACK,"""VSD ALARM ACKNOWLEDGE""",,BOOL
503.02,BALANCE_TANK_LEVEL_13,"""Balance Tank level >13% durring water Steriliza...""",,BOOL
503.10,BT_30,"""BT > 30%""",,BOOL
503.11,BT_6,"""BT < 6%""",,BOOL
504.00,STER_LEVEL_ALARM,"""STERILE TANK LOW LEVEL""",,BOOL
504.01,STLOWLEVELRES,"""STERILE TANK LOW LEVEL ALARM RESET <8%""",,BOOL
504.05,BT_35PERCENT,"""BALANC TANK LEVEL >35%""",,BOOL
504.07,BALANCE_TANK_LEVEL,"""BALANCE TANK LEVEL > 68%""",,BOOL
504.10,STER_TOGGLE_SWITCH_ALERT,"""Sterilizer Panel Toggle Switch in MAN""",,BOOL
504.11,STER_RECLAIM_PUMP_TRIPPED,"""Chemetator Recovery Tank Pump Overload""",,BOOL
504.12,STER_RECLAIM_TANK_LEVEL,"""Chemetator Recovery Tank HI Level""",,BOOL
506.00,PROCESS_RUNNING,"""Process Running""",,BOOL
506.01,SHUT_DOWN_IN_PROGRESS,"""Shut Down in Progress""",,BOOL
506.02,CIP_IN_PROGRESS,"""CIP in Progress""",,BOOL
506.03,CHEMETATOR_PARKED,"""Chemetator Parked""",,BOOL
506.05,UNKNOWN_STATE_CRASHED,"""Unknown State / Crashed""",,BOOL
506.06,CIP_TOO_LONG,"""CIP TOO LONG""",,BOOL
506.07,STER_PH_SFTK_INTLK,"""SFTK Interlock to Sterilzer for CIP""",,BOOL
508,Sterilizer_ADDR_508,,,DINT
509.00,BCDHASH4,"""COMMUNICATION TO 2ND OMRON PLC""",,BOOL
509.01,BCDHASH3,"""COMMUNICATION TO 2ND OMRON PLC""",,BOOL
509.02,BCDHASH2,"""COMMUNICATION TO 2ND OMRON PLC""",,BOOL
510,Sterilizer_ADDR_510,,,DINT
6.00,LA600,"""STERILE TANK LEVEL ALARM""",,BOOL
6.01,LA601,"""VARIABLE SPED DRIVE FAULT LAMP""",,BOOL
6.02,STER_IND_ACID,"""ACID WASH LAMP""",,BOOL
6.03,STER_IND_WATER_RINSE3,"""WATER RINSE #3 LAMP""",,BOOL
6.04,LA604,"""LOW TEMPERATURE ALARM LAMP""",,BOOL
6.05,LA605,"""HIGH PRESSURE ALARM LAMP""",,BOOL
6.06,STER_V111,"""CIP RETURN TO STERILE TANK V111""",,BOOL
6.07,STER_V112,"""CIP REtURN TO DRAIN V112""",,BOOL
6.08,STER_V113,"""Vert. Condenser Drain Valve""",,BOOL
6.09,BIT609,"""2 LINE DISPLAY BIT#0""",,BOOL
6.10,BIT610,"""2 LINE DISPLAY BIT#1""",,BOOL
6.11,BIT611,"""2 LINE DISPLAY BIT#2""",,BOOL
6.12,BIT612,"""2 LINE DISPLAY BIT#3""",,BOOL
6.13,BIT613,"""2 LINE DISPLAY BIT#4""",,BOOL
6.14,BIT614,"""2 LINE DISPLAY BIT#5""",,BOOL
6.15,BIT615,"""2 LINE DISPLAY BIT#6""",,BOOL
CNT005,BELLMINUSPULSE2_STATUS,"""2 PULSES""",,COUNTER
CNT006,BELLMINUSPULSE4_STATUS,"""4 PULSES""",,COUNTER
CNT007,VERT_CONDENSER_CIP_COUNTER,"""Vert. Condenser CIP Counter""",,COUNTER
CNT010,CNTP207_STATUS,"""COUNTER P207""",,COUNTER
CNT011,CNTP208_STATUS,"""COUNTER P208""",,COUNTER
CNT012,STERILMINUSTKMINUSWATER_STATUS,"""STERILE TANK WATER CTRL""",,COUNTER
CNT050,CIPMINUSPULSEMINUSINDEX_STATUS,"""INDEX FOR CIP PULSATION""",,COUNTER
CNT10,CNTP207_PV,"""COUNTER P207""",,REAL
CNT11,CNTP208_PV,"""COUNTER P208""",,REAL
CNT12,STERILMINUSTKMINUSWATER_PV,"""STERILE TANK WATER CTRL""",,REAL
CNT301,Tag_1H45M_COUNTER,"""1H45m Counter""",,COUNTER
CNT305,CIP_DURATION_COUNTER,"""CIP Duration Counter""",,COUNTER
CNT50,CIPMINUSPULSEMINUSINDEX_PV,"""INDEX FOR CIP PULSATION""",,REAL
DM1000,AC1C1LL,"""LOWER LIMIT""",,REAL
DM1001,AC1C1UL,"""UPPER LIMIT""",,REAL
DM1002,AC1C2LL,"""LOWER LIMIT""",,REAL
DM1003,AC1C2UL,"""UPPERLIMIT""",,REAL
DM1004,AC1C3LL,"""LOWER LIMIT""",,REAL
DM1005,AC1C3UL,"""UPPER LIMIT""",,REAL
DM1006,AC1C4LL,"""LOWER LIMIT""",,REAL
DM1007,AC1C4UL,"""UPPER LIMIT""",,REAL
DM1100,AC2C1LL,"""LOWER LIMIT""",,REAL
DM1101,AC2C1UL,"""UPPER LIMIT""",,REAL
DM1102,AC2C2LL,"""LOWER LIMIT""",,REAL
DM1103,AC2C2UL,"""UPPER LIMIT""",,REAL
DM1104,AC2C3LL,"""LOWER LIMIT""",,REAL
DM1105,AC2C3UL,"""UPPER LIMIT""",,REAL
DM1106,AC2C4LL,"""LOWER LIMIT""",,REAL
DM1107,AC2C4UL,"""UPPER LIMIT""",,REAL
DM410,CONDUCTIVITY,"""Conductivity Scaled 0 - 99.99 ms/cm (0 - 9999)""",,REAL
DM420,STERILIZER_RUNNING_STATUS,"""2'=S/D, 3=CIP, 4=Park, 5=CIP>Target, 6=??'""",,REAL
DM500,STER_TR74_BEFORE_LOOP,"""STERILE LOOP TEMP (Before Loop)""",,REAL
DM501,STER_TR74_STPT_AI,"""TR74 SETPOINT""",,REAL
DM510,STER_VAC,"""STERILIZER VACUUM LOW (PICA70)""",,REAL
DM520,STER_LEVEL_SEP,"""SEPARATOR LEVEL""",,REAL
DM521,STER_LEVEL_SEP_STPT_AI,"""SEPARATOR LEVEL""",,REAL
DM530,STER_FLOW_PASSTHRU,"""Sterilizer Flowrate to Chemetaor PLC""",,REAL
DM910,STER_TO_DRIER_CIP_STEP,"""CIP SQUENCE TO DRIER PLC TO SET P117 P66 SPEED""",,REAL
DM99,CIPMINUSPULSATION,"""CIP PULSATION REFERENCE""",,REAL
HR0.01,V411PULSE,"""TO KEEP THE STERILE TANK SPRAY VALVE OPEN FOR 6...""",,BOOL
TIM000,TIMER0_STATUS,"""PULSE 1 SEC. ON 1 SEC. OFF""",,TIMER
TIM001,TIMER1_STATUS,"""PULSE 1 SEC. ON 1 SEC. OFF""",,TIMER
TIM002,Tag_10SECONDS_STATUS,"""10 SECONDS PULSATION""",,TIMER
TIM003,Tag_1MINUSSECONDSMINUS2_STATUS,"""10 SECONDS PULSATION""",,TIMER
TIM017,_10_SEC_PULSE_STATUS,"""10 sec pulse every 10 min""",,TIMER
TIM018,Tag_15SEC_PULSE_STATUS,"""15 sec pulse every 5 min""",,TIMER
TIM203,PS4TIMER_STATUS,"""DELAY AFTER VACUUM""",,TIMER
TIM205,PS7TIMER_STATUS,"""DELAY BEFORE STEAM""",,TIMER
TIM207,PS9TIMER_STATUS,"""STERILIZATION TIME""",,TIMER
TIM208,STERILIZATION_TIME_MORE_TIME,"""Sterilization Time (more time)""",,TIMER
TIM209,PS12TIMER_STATUS,"""DELAY FOR SEPARATOR LEVEL""",,TIMER
TIM211,PS14TIMER_STATUS,"""DELAY BEFORE MONITORING ""keep V-104 open to Dra...""",,TIMER
TIM215,LOWTEMPREC_STATUS,"""LOW TERMPERATURE MINIMUM REC. TIME""",,TIMER
TIM222,CS2TIMER_STATUS,"""DELAY AFTER LOW LEVEL B.T.""",,TIMER
TIM224,CS3TIMER_STATUS,"""DELAY BEFORE VOTATOR START""",,TIMER
TIM226,CS4TIMER_STATUS,"""DELAY BEFORE STEAM""",,TIMER
TIM228,CS5TIMER_STATUS,"""PRERINSE TIME""",,TIMER
TIM230,CS7TIMER_STATUS,"""RINSE TIME""",,TIMER
TIM232,CS10TIMER_STATUS,"""STOP PULSATION VOTATOR""",,TIMER
TIM234,CS13TIMER_STATUS,"""DETERGENT TIME #1""",,TIMER
TIM235,CS13MINUS2TIMER_PV,"""DETERGENT TIME""",,TIMER
TIM236,CS14TIMER_STATUS,"""RINSE RECIRCULATION""",,TIMER
TIM238,CS15TIMER_STATUS,"""DELAY BEFORE EMPTYING B.T.""",,TIMER
TIM240,CS17TIMER_STATUS,"""SYSTEM IN RECIRCULATION""",,TIMER
TIM242,CS20TIMER_STATUS,"""ACID TIME 10 MIN.""",,TIMER
TIM243,ACID_MONTHLY_TIME_15,"""ACID MONTHLY TIME 15 MIN.""",,TIMER
TIM244,CS22TIMER_STATUS,"""FLUSH TO DRAIN""",,TIMER
TIM246,CS23TIMER_STATUS,"""DELAY BEFORE EMPTYING B.T.""",,TIMER
TIM250,SS2TIMER_STATUS,"""WATER FEED""",,TIMER
TIM252,SS3TIMER_STATUS,"""EMPTY SEPARATOR""",,TIMER
TIM254,SS5TIMER_STATUS,"""DELAY BEFORE WATER TO DRAIN""",,TIMER
TIM256,SS6TIMER_STATUS,"""SYSTEM IN RECIRCULATION""",,TIMER
TIM257,SS6ATIMER_STATUS,"""10 min delay before stop steam,and P64,72""",,TIMER
TIM258,SS7TIMER_STATUS,"""EMPTY STERILE TANK""",,TIMER
TIM260,SS9TIMER_STATUS,"""RECIRCULATION""",,TIMER
TIM262,SS10TIMER_STATUS,"""STOP STEAM""",,TIMER
TIM264,SS11TIMER_STATUS,"""SHUTDOWN COMPLETED""",,TIMER
TIM265,SPARE_STATUS,"""SPARE_Status""",,TIMER
TIM266,Tag_5SEC_DELAY_STATUS,"""Sterile tank low level 3 sec delay timer""",,TIMER
TIM270,WS1TIMER_STATUS,"""COMPENSATE WATER""",,TIMER
TIM272,WS2TIMER_STATUS,"""CLOSE WATER VALVE""",,TIMER
TIM274,SLCS1TIMER_STATUS,"""DELAY BEFORE RECIR.""",,TIMER
TIM275,SLCS2TIMER_STATUS,"""RECIRCULATION TIME""",,TIMER
TIM280,ACID_INJECTION_DONE,"""Sanitizer injection duration timer""",,TIMER
TIM282,ACID_MONTHLY_INJECTION_TIMER,"""ACID MONTHLY INJECTION TIMER""",,TIMER
TIM290,Tag_3_MIN_TIMER,"""3 min Timer""",,TIMER
TIM292,Tag_10_MIN_TIMER,"""10 min Timer""",,TIMER
TIM293,Tag_2_MIN_TIMER,"""2 min timer""",,TIMER
TIM294,Tag_3_SEC_TIMER,"""3 sec timer""",,TIMER
TIM296,CAUSTIC_MAX_DURATION_TIMER,"""Caustic Max. Duration Timer""",,TIMER
TIM298,CAUSTIC_PUMP_STOP_DELAY,"""Caustic Pump Stop Delay Timer""",,TIMER
TIM304,RINSE_2_MAX_TIME,"""Rinse #2 Max Time""",,TIMER
TIM308,DELAY_FOR_VERT_CONDENSER,"""Delay for Vert. Condenser Back Flush""",,TIMER
TIM309,END_OF_BACK_FLUSH,"""End of Back Flush""",,TIMER
TIM311,P67_OFF_TIME,"""P67 OFF Time""",,TIMER
DM411,STER_CIP_COND_STPT,"""Sterilizer CIP Conductivity Setpoint (mS)""",,DINT
DM480,STER_TR74A,"""STERILE LOOP TEMP (After Loop)""",,DINT
DM481,STER_TR74,"""STERILE LOOP TEMP (Before Loop)""",,DINT
DM506,STER_TR74_OUT_AI,"""STER TR74 PID OUTPUT""",,DINT
DM511,STER_VAC_STPT_AR,"""(NGC)""",,DINT
DM516,STER_VAC_OUT_AI,"""STER VAC PID OUTPUT""",,DINT
DM519,STER_VAC_STPT_AI,"""STERILIZER VAC STPT""",,DINT
DM526,STER_LEVEL_SEP_OUT_AI,"""STER SEPARATOR LEVEL PID OUTPUT""",,DINT
DM531,STER_FLOW_STPT_AI,"""FLOWRATE STPT""",,DINT
DM536,STER_FLOW_OUT_AI,"""STER FLOW PID OUTPUT""",,DINT
DM539,STER_CIP_CAUSTIC_PULSE,"""STER CIP CAUSTIC FLOW PULSE (2lt/p)""",,DINT
DM541,STER_CIP_CAUSTIC_PULSE_PREV,"""STERILIZER CIP CAUSTIC FLOW PULSE TOT""",,DINT
102,STERILE_TK_TEMP,"""sterile tank temp""",,DINT
233.06,STER_P118_START_DO,"""P118 PUSH BUTTON""",,BOOL
254.00,SYS_WATCH_STER_OPEN,"""MONITOR 1 MIN TIMER 254.0""",,BOOL
481.00,STER_CIP_MANUAL_DO,"""STERILIZER CIP""",,BOOL
481.01,STER_CIP_AUTO_DO,"""STERILIZER CIP""",,BOOL
481.02,STER_CIP_MONTH_DO,"""STERILIZER CIP""",,BOOL
481.03,STER_CIP_SHORT_DO,"""STERILIZER CIP""",,BOOL
482.00,STER_CIP_MANUAL_PB_DI,"""""",,BOOL
482.01,STER_CIP_AUTO_PB_DI,"""""",,BOOL
482.02,STER_CIP_MONTH_PB_DI,"""""",,BOOL
482.03,STER_CIP_SHORT_PB_DI,"""""",,BOOL
489.14,STER_CIP_DTRGNT_FLOW_LO,"""Sterilizer CIP Detergent Flow Low""",,BOOL
490.07,STER_CIP_DTRGNT_COND_LO,"""Sterilizer CIP Detergent Conductivity LO""",,BOOL
490.10,STER_490_10,"""""",,BOOL
490.11,STER_490_11,"""""",,BOOL
506.08,STER_PH_SFTK_INTLK_ALM,"""Cannot Start CIP - Close Outlet Valves""",,BOOL
TC245,STER_TIM_245,"""TIMER 245 STATUS""",,BOOL
TC247,STER_TIM_247,"""TIMER 247 STATUS""",,BOOL
TC248,STER_TIM_248,"""TIMER 248 STATUS""",,BOOL
TC249,STER_TIM_249,"""TIMER 249 STATUS""",,BOOL
