remark,"CSV-Import-Export"
remark,"Date = Tue Apr 17 17:13:00 2024"
remark,"Version = RSLogix 5000 v33.01"
remark,"Owner = "
remark,"Company = "
0.3
TYPE,SCOPE,NAME,DESCRIPTION,DATATYPE,SPECIFIER,ATTRIBUTES
TAG,,Test_Tag,Test Tag Description,BOOL,,"(RADIX := Decimal, Constant := false, ExternalAccess := Read/Write)"
TAG,,ALARMCANCEL,"ALARM CANCEL - OMR: 0.00",BOOL,,"(RADIX := Decimal, Constant := false, ExternalAccess := Read/Write)"
TAG,,I001,"PROCES START/STOP - OMR: 0.01",BOOL,,"(RADIX := Decimal, Constant := false, ExternalAccess := Read/Write)"
TAG,,STER_LAMP_TEST_DI,"LAMP TEST - OMR: 0.02",BOOL,,"(RADIX := Decimal, Constant := false, ExternalAccess := Read/Write)"
TAG,,I003,"CIP START/STOP - OMR: 0.03",BOOL,,"(RADIX := Decimal, Constant := false, ExternalAccess := Read/Write)"
TAG,,I004,"STERILE TANK WATER VALVE ON/OFF - OMR: 0.04",BOOL,,"(RADIX := Decimal, Constant := false, ExternalAccess := Read/Write)"
TAG,,I005,"PUMP 116 (P.B) - OMR: 0.05",BOOL,,"(RADIX := Decimal, Constant := false, ExternalAccess := Read/Write)"
TAG,,I006,"VOTATOR FEED PUMP WEST 118 - OMR: 0.06",BOOL,,"(RADIX := Decimal, Constant := false, ExternalAccess := Read/Write)"
TAG,,I007,"PLANT PURGE - OMR: 0.07",BOOL,,"(RADIX := Decimal, Constant := false, ExternalAccess := Read/Write)"
TAG,,I008,"EMERGENCY STOP - OMR: 0.08",BOOL,,"(RADIX := Decimal, Constant := false, ExternalAccess := Read/Write)"
TAG,,STER_TOGGLE_SWITCH_MANUAL,"Toggle Switch Manual @ Sterilizer Panel - OMR: 0.09",BOOL,,"(RADIX := Decimal, Constant := false, ExternalAccess := Read/Write)"
TAG,,I012,"SEPARATOR PRESSURE S.P. SWITCH - OMR: 0.12",BOOL,,"(RADIX := Decimal, Constant := false, ExternalAccess := Read/Write)"
TAG,,I101,"PUMP P72 FAULT RELAY - OMR: 1.01",BOOL,,"(RADIX := Decimal, Constant := false, ExternalAccess := Read/Write)"
TAG,,I102,"PUMP P64 FAULT RELAY - OMR: 1.02",BOOL,,"(RADIX := Decimal, Constant := false, ExternalAccess := Read/Write)"
TAG,,I103,"PUMP 76 FAULT RELAY - OMR: 1.03",BOOL,,"(RADIX := Decimal, Constant := false, ExternalAccess := Read/Write)"
TAG,,I104_P116_FAULT,"PUMP 116 FAULT RELAY - OMR: 1.04",BOOL,,"(RADIX := Decimal, Constant := false, ExternalAccess := Read/Write)"
TAG,,I105_P118_FAULT,"PUMP 118 FAULT RELAY - OMR: 1.05",BOOL,,"(RADIX := Decimal, Constant := false, ExternalAccess := Read/Write)"
TAG,,WASHOUT_OPEN,"WASHOUT PLATE OPEN "2.04 from Chem PLC" - OMR: 1.07",BOOL,,"(RADIX := Decimal, Constant := false, ExternalAccess := Read/Write)"
TAG,,START_P116,"START P-116 FROM CHEMETATOR PANEL - OMR: 1.08",BOOL,,"(RADIX := Decimal, Constant := false, ExternalAccess := Read/Write)"
TAG,,WASHOUT_CANDL,"WASHOUT PLATE CLOSED AND LOCKED - OMR: 1.09",BOOL,,"(RADIX := Decimal, Constant := false, ExternalAccess := Read/Write)"
TAG,,STER_CHEM_IN_PARK_POSITION,"CHEMETATOR IN PARK POSITION - OMR: 1.10",BOOL,,"(RADIX := Decimal, Constant := false, ExternalAccess := Read/Write)"
TAG,,TOGGLE_SWITCH_MAN_POSITION,"Toggle Switch MAN Position - OMR: 1.12",BOOL,,"(RADIX := Decimal, Constant := false, ExternalAccess := Read/Write)"
TAG,,AC1C1,"SCALING ON - OMR: 100.02",BOOL,,"(RADIX := Decimal, Constant := false, ExternalAccess := Read/Write)"
TAG,,AC1C2,"SCALING ON - OMR: 100.03",BOOL,,"(RADIX := Decimal, Constant := false, ExternalAccess := Read/Write)"
TAG,,AC1C3,"SCALING ON - OMR: 100.04",BOOL,,"(RADIX := Decimal, Constant := false, ExternalAccess := Read/Write)"
TAG,,AC1C4,"SCALING ON - OMR: 100.05",BOOL,,"(RADIX := Decimal, Constant := false, ExternalAccess := Read/Write)"
TAG,,Sterilizer_ADDR_101," - OMR: 101",DINT,,"(RADIX := Decimal, Constant := false, ExternalAccess := Read/Write)"
TAG,,Sterilizer_ADDR_103," - OMR: 103",DINT,,"(RADIX := Decimal, Constant := false, ExternalAccess := Read/Write)"
TAG,,Sterilizer_ADDR_104," - OMR: 104",DINT,,"(RADIX := Decimal, Constant := false, ExternalAccess := Read/Write)"
TAG,,AC2C1,"SCALING ON - OMR: 110.02",BOOL,,"(RADIX := Decimal, Constant := false, ExternalAccess := Read/Write)"
TAG,,AC2C2,"SCALING ON - OMR: 110.03",BOOL,,"(RADIX := Decimal, Constant := false, ExternalAccess := Read/Write)"
TAG,,AC2C3,"SCALING ON - OMR: 110.04",BOOL,,"(RADIX := Decimal, Constant := false, ExternalAccess := Read/Write)"
TAG,,AC2C4,"SCALING ON - OMR: 110.05",BOOL,,"(RADIX := Decimal, Constant := false, ExternalAccess := Read/Write)"
TAG,,Sterilizer_ADDR_111," - OMR: 111",DINT,,"(RADIX := Decimal, Constant := false, ExternalAccess := Read/Write)"
TAG,,Sterilizer_ADDR_112," - OMR: 112",DINT,,"(RADIX := Decimal, Constant := false, ExternalAccess := Read/Write)"
TAG,,Sterilizer_ADDR_113," - OMR: 113",DINT,,"(RADIX := Decimal, Constant := false, ExternalAccess := Read/Write)"
TAG,,Sterilizer_ADDR_114," - OMR: 114",DINT,,"(RADIX := Decimal, Constant := false, ExternalAccess := Read/Write)"
TAG,,STER_P64_STATUS,"STERILIZER P64 STATUS - OMR: 2.00",BOOL,,"(RADIX := Decimal, Constant := false, ExternalAccess := Read/Write)"
TAG,,STER_P72_STATUS,"STERILIZER P72 STATUS - OMR: 2.01",BOOL,,"(RADIX := Decimal, Constant := false, ExternalAccess := Read/Write)"
TAG,,STER_P66_STATUS,"STERILIZER P66 STATUS - OMR: 2.02",BOOL,,"(RADIX := Decimal, Constant := false, ExternalAccess := Read/Write)"
TAG,,STER_P67_STATUS,"STERILIZER P67 STATUS - OMR: 2.03",BOOL,,"(RADIX := Decimal, Constant := false, ExternalAccess := Read/Write)"
TAG,,STER_P68_STATUS,"STERILIZER P68 STATUS - OMR: 2.04",BOOL,,"(RADIX := Decimal, Constant := false, ExternalAccess := Read/Write)"
TAG,,STER_P69_STATUS,"STERILIZER P69 STATUS - OMR: 2.05",BOOL,,"(RADIX := Decimal, Constant := false, ExternalAccess := Read/Write)"
TAG,,STER_P76_STATUS,"STERILIZER P76 STATUS - OMR: 2.06",BOOL,,"(RADIX := Decimal, Constant := false, ExternalAccess := Read/Write)"
TAG,,STER_P116_STATUS,"STERILIZER P116 starter when in auto - OMR: 2.07",BOOL,,"(RADIX := Decimal, Constant := false, ExternalAccess := Read/Write)"
TAG,,STER_P118_STATUS,"STERILIZER P118 starter when in auto - OMR: 2.08",BOOL,,"(RADIX := Decimal, Constant := false, ExternalAccess := Read/Write)"
TAG,,STER_P117_STATUS,"STERILIZER P117 STATUS - OMR: 2.09",BOOL,,"(RADIX := Decimal, Constant := false, ExternalAccess := Read/Write)"
TAG,,STER_P119_STATUS,"STERILIZER P119 STATUS - OMR: 2.10",BOOL,,"(RADIX := Decimal, Constant := false, ExternalAccess := Read/Write)"
TAG,,ACID_PUMP,"Monthly Acid pump - OMR: 2.13",BOOL,,"(RADIX := Decimal, Constant := false, ExternalAccess := Read/Write)"
TAG,,STER_SANITIZER_PMP,"Sterilizer Sanitizer Pump Status - OMR: 2.14",BOOL,,"(RADIX := Decimal, Constant := false, ExternalAccess := Read/Write)"
TAG,,STER_CAUSTIC_PMP,"Sterilizer Caustic Pump Status - OMR: 2.15",BOOL,,"(RADIX := Decimal, Constant := false, ExternalAccess := Read/Write)"
TAG,,TO_CONTROL_PU64,"TO OPERATE PRODUCT FEED PUMP STARTER P64 - OMR: 232.02",BOOL,,"(RADIX := Decimal, Constant := false, ExternalAccess := Read/Write)"
TAG,,TO_CONTROL_P72,"TO OPERATE SEPARATOR PUMP STARTER P72 - OMR: 232.03",BOOL,,"(RADIX := Decimal, Constant := false, ExternalAccess := Read/Write)"
TAG,,SCADA_ALRM_CNCL,"SCADA Remote Alarm Cancel - OMR: 233.00",BOOL,,"(RADIX := Decimal, Constant := false, ExternalAccess := Read/Write)"
TAG,,STER_PROCESS_START_SCADA_PB,"Sterilizer Process SCADA Start - OMR: 233.01",BOOL,,"(RADIX := Decimal, Constant := false, ExternalAccess := Read/Write)"
TAG,,STER_CIP_START_SCADA_PB,"Sterilizer CIP SCADA Start - OMR: 233.03",BOOL,,"(RADIX := Decimal, Constant := false, ExternalAccess := Read/Write)"
TAG,,STER_P116_START_DO,"P116 START PUSH BUTTON - OMR: 233.05",BOOL,,"(RADIX := Decimal, Constant := false, ExternalAccess := Read/Write)"
TAG,,STER_PROD_PURGE_SCADA_PB,"Sterilizer Production Purge SCADA Start - OMR: 233.07",BOOL,,"(RADIX := Decimal, Constant := false, ExternalAccess := Read/Write)"
TAG,,STER_CIP_STATUS,"MONITORS IF IN CIP MODE - OMR: 233.09",BOOL,,"(RADIX := Decimal, Constant := false, ExternalAccess := Read/Write)"
TAG,,ON,"System Normally On Flag - OMR: 253.13",BOOL,,"(RADIX := Decimal, Constant := false, ExternalAccess := Read/Write)"
TAG,,OFF,"System Normally Off Flag - OMR: 253.14",BOOL,,"(RADIX := Decimal, Constant := false, ExternalAccess := Read/Write)"
TAG,,_FIRST_SCAN,"System First Scan Flag - OMR: 253.15",BOOL,,"(RADIX := Decimal, Constant := false, ExternalAccess := Read/Write)"
TAG,,GREATER_THAN,"System Greater Than (GE) Flag - OMR: 255.05",BOOL,,"(RADIX := Decimal, Constant := false, ExternalAccess := Read/Write)"
TAG,,EQUALS,"System Equals (EQ) Flag - OMR: 255.06",BOOL,,"(RADIX := Decimal, Constant := false, ExternalAccess := Read/Write)"
TAG,,LESS_THAN,"System Less Than (LE) Flag - OMR: 255.07",BOOL,,"(RADIX := Decimal, Constant := false, ExternalAccess := Read/Write)"
TAG,,MEMORYMINUSERROR,"MEMORY ERROR - OMR: 272.12",BOOL,,"(RADIX := Decimal, Constant := false, ExternalAccess := Read/Write)"
TAG,,CR300,"STOP COMMAND TO CHEM "AT PURGE CYCLE" & STERILI... - OMR: 3.00",BOOL,,"(RADIX := Decimal, Constant := false, ExternalAccess := Read/Write)"
TAG,,CR301,"VACUUM PUMP 2ND SETPOINT - OMR: 3.01",BOOL,,"(RADIX := Decimal, Constant := false, ExternalAccess := Read/Write)"
TAG,,CR302,"SPARE - OMR: 3.02",BOOL,,"(RADIX := Decimal, Constant := false, ExternalAccess := Read/Write)"
TAG,,CR303,"SEPARATOR EXTRACT PUMP 2ND SETPOINT - OMR: 3.03",BOOL,,"(RADIX := Decimal, Constant := false, ExternalAccess := Read/Write)"
TAG,,CR304,"HOT WATER 2ND SETPOINT - OMR: 3.04",BOOL,,"(RADIX := Decimal, Constant := false, ExternalAccess := Read/Write)"
TAG,,STER_V116,"Vert. Condenser Cooling Water Valves - OMR: 3.06",BOOL,,"(RADIX := Decimal, Constant := false, ExternalAccess := Read/Write)"
TAG,,CR307,"to P117 controller to change speed durring caus... - OMR: 3.07",BOOL,,"(RADIX := Decimal, Constant := false, ExternalAccess := Read/Write)"
TAG,,STER_PROCESS_ALARM,"AUDIBLE ALARM BUZZER - OMR: 3.08",BOOL,,"(RADIX := Decimal, Constant := false, ExternalAccess := Read/Write)"
TAG,,CR309,"VISUAL ALARM WARNING BEACON - OMR: 3.09",BOOL,,"(RADIX := Decimal, Constant := false, ExternalAccess := Read/Write)"
TAG,,STERILIZER_TO_EXT_VALVE,"Sterilizer to Ext. Valve - OMR: 3.10",BOOL,,"(RADIX := Decimal, Constant := false, ExternalAccess := Read/Write)"
TAG,,VERT_CONDENSER_CONDENSATE_RETURN,"Vert. Condenser Condensate Return (V114) 1=off - OMR: 3.11",BOOL,,"(RADIX := Decimal, Constant := false, ExternalAccess := Read/Write)"
TAG,,STER_V115,"Vert. Condenser CIP Valve - OMR: 3.12",BOOL,,"(RADIX := Decimal, Constant := false, ExternalAccess := Read/Write)"
TAG,,CR313,"BCD #2 I/O COMM. OMRON PLC - OMR: 3.13",BOOL,,"(RADIX := Decimal, Constant := false, ExternalAccess := Read/Write)"
TAG,,CR314,"BCD #3 I/O COMM. OMRON PLC - OMR: 3.14",BOOL,,"(RADIX := Decimal, Constant := false, ExternalAccess := Read/Write)"
TAG,,CR315,"BCD #4 I/O COMM. OMRON PLC - OMR: 3.15",BOOL,,"(RADIX := Decimal, Constant := false, ExternalAccess := Read/Write)"
TAG,,ALWAYSMINUSFALSE,"  - OMR: 300.00",BOOL,,"(RADIX := Decimal, Constant := false, ExternalAccess := Read/Write)"
TAG,,PULSEMINUS1MINUS1,"PULSATION 1 SEC. ON 1 SEC. OFF - OMR: 301.00",BOOL,,"(RADIX := Decimal, Constant := false, ExternalAccess := Read/Write)"
TAG,,Tag_10SECONDSMINUS3,"10 SECONDS PULSATION - OMR: 301.03",BOOL,,"(RADIX := Decimal, Constant := false, ExternalAccess := Read/Write)"
TAG,,P207CNT,"COUNTER PUMP 207 - OMR: 305.00",BOOL,,"(RADIX := Decimal, Constant := false, ExternalAccess := Read/Write)"
TAG,,ONDIVIDEOFFP207,"ON/OFF PUMP P207 - OMR: 305.01",BOOL,,"(RADIX := Decimal, Constant := false, ExternalAccess := Read/Write)"
TAG,,P208CNT,"PUMP P208 WEST RESET - OMR: 305.03",BOOL,,"(RADIX := Decimal, Constant := false, ExternalAccess := Read/Write)"
TAG,,ONDIVIDEOFFP208,"ON/OFF PUMP P208 - OMR: 305.04",BOOL,,"(RADIX := Decimal, Constant := false, ExternalAccess := Read/Write)"
TAG,,VTLAMP,"VOTATOR LAMP FLASH - OMR: 305.10",BOOL,,"(RADIX := Decimal, Constant := false, ExternalAccess := Read/Write)"
TAG,,STERILMINUSTKMINUSWATE2,"STERILE TANK WATER CONTROL - OMR: 306.00",BOOL,,"(RADIX := Decimal, Constant := false, ExternalAccess := Read/Write)"
TAG,,V88AM,"  - OMR: 310.00",BOOL,,"(RADIX := Decimal, Constant := false, ExternalAccess := Read/Write)"
TAG,,V77AM,"  - OMR: 310.01",BOOL,,"(RADIX := Decimal, Constant := false, ExternalAccess := Read/Write)"
TAG,,V90AM,"  - OMR: 310.02",BOOL,,"(RADIX := Decimal, Constant := false, ExternalAccess := Read/Write)"
TAG,,V101ABAM,"  - OMR: 310.03",BOOL,,"(RADIX := Decimal, Constant := false, ExternalAccess := Read/Write)"
TAG,,V93AM,"  - OMR: 310.04",BOOL,,"(RADIX := Decimal, Constant := false, ExternalAccess := Read/Write)"
TAG,,V100AM,"  - OMR: 310.05",BOOL,,"(RADIX := Decimal, Constant := false, ExternalAccess := Read/Write)"
TAG,,V91ABAM,"  - OMR: 310.06",BOOL,,"(RADIX := Decimal, Constant := false, ExternalAccess := Read/Write)"
TAG,,V103AM,"  - OMR: 310.07",BOOL,,"(RADIX := Decimal, Constant := false, ExternalAccess := Read/Write)"
TAG,,V104AM,"  - OMR: 310.08",BOOL,,"(RADIX := Decimal, Constant := false, ExternalAccess := Read/Write)"
TAG,,V106AM,"  - OMR: 310.09",BOOL,,"(RADIX := Decimal, Constant := false, ExternalAccess := Read/Write)"
TAG,,V108ABAM,"  - OMR: 310.11",BOOL,,"(RADIX := Decimal, Constant := false, ExternalAccess := Read/Write)"
TAG,,V109ABAM,"  - OMR: 310.12",BOOL,,"(RADIX := Decimal, Constant := false, ExternalAccess := Read/Write)"
TAG,,V110AM,"  - OMR: 310.13",BOOL,,"(RADIX := Decimal, Constant := false, ExternalAccess := Read/Write)"
TAG,,P66AM,"  - OMR: 310.14",BOOL,,"(RADIX := Decimal, Constant := false, ExternalAccess := Read/Write)"
TAG,,P67AM,"  - OMR: 310.15",BOOL,,"(RADIX := Decimal, Constant := false, ExternalAccess := Read/Write)"
TAG,,P68AM,"  - OMR: 311.00",BOOL,,"(RADIX := Decimal, Constant := false, ExternalAccess := Read/Write)"
TAG,,P69AM,"  - OMR: 311.01",BOOL,,"(RADIX := Decimal, Constant := false, ExternalAccess := Read/Write)"
TAG,,P76AM,"  - OMR: 311.02",BOOL,,"(RADIX := Decimal, Constant := false, ExternalAccess := Read/Write)"
TAG,,P116AM,"  - OMR: 311.03",BOOL,,"(RADIX := Decimal, Constant := false, ExternalAccess := Read/Write)"
TAG,,P118AM,"  - OMR: 311.04",BOOL,,"(RADIX := Decimal, Constant := false, ExternalAccess := Read/Write)"
TAG,,P117AM,"  - OMR: 311.05",BOOL,,"(RADIX := Decimal, Constant := false, ExternalAccess := Read/Write)"
TAG,,P119AM,"  - OMR: 311.06",BOOL,,"(RADIX := Decimal, Constant := false, ExternalAccess := Read/Write)"
TAG,,P64AM,"  - OMR: 311.09",BOOL,,"(RADIX := Decimal, Constant := false, ExternalAccess := Read/Write)"
TAG,,P72AM,"  - OMR: 311.10",BOOL,,"(RADIX := Decimal, Constant := false, ExternalAccess := Read/Write)"
TAG,,V111AM,"V111AM - OMR: 311.11",BOOL,,"(RADIX := Decimal, Constant := false, ExternalAccess := Read/Write)"
TAG,,V111_SCADAMAN,"V111 SCADAMAN - OMR: 311.12",BOOL,,"(RADIX := Decimal, Constant := false, ExternalAccess := Read/Write)"
TAG,,V112AM,"V112AM - OMR: 311.13",BOOL,,"(RADIX := Decimal, Constant := false, ExternalAccess := Read/Write)"
TAG,,V112SCADAMAN,"V112SCADAMAN - OMR: 311.14",BOOL,,"(RADIX := Decimal, Constant := false, ExternalAccess := Read/Write)"
TAG,,V88SCADAMAN,"  - OMR: 312.00",BOOL,,"(RADIX := Decimal, Constant := false, ExternalAccess := Read/Write)"
TAG,,V77SCADAMAN,"  - OMR: 312.01",BOOL,,"(RADIX := Decimal, Constant := false, ExternalAccess := Read/Write)"
TAG,,V90SCADAMAN,"  - OMR: 312.02",BOOL,,"(RADIX := Decimal, Constant := false, ExternalAccess := Read/Write)"
TAG,,V101ABSCADAMAN,"  - OMR: 312.03",BOOL,,"(RADIX := Decimal, Constant := false, ExternalAccess := Read/Write)"
TAG,,V93SCADAMAN,"  - OMR: 312.04",BOOL,,"(RADIX := Decimal, Constant := false, ExternalAccess := Read/Write)"
TAG,,V100SCADAMAN,"  - OMR: 312.05",BOOL,,"(RADIX := Decimal, Constant := false, ExternalAccess := Read/Write)"
TAG,,V91ABSCADAMAN,"  - OMR: 312.06",BOOL,,"(RADIX := Decimal, Constant := false, ExternalAccess := Read/Write)"
TAG,,V103SCADAMAN,"  - OMR: 312.07",BOOL,,"(RADIX := Decimal, Constant := false, ExternalAccess := Read/Write)"
TAG,,V104SCADAMAN,"  - OMR: 312.08",BOOL,,"(RADIX := Decimal, Constant := false, ExternalAccess := Read/Write)"
TAG,,V106SCADAMAN,"  - OMR: 312.09",BOOL,,"(RADIX := Decimal, Constant := false, ExternalAccess := Read/Write)"
TAG,,V108ABSCADAMAN,"  - OMR: 312.11",BOOL,,"(RADIX := Decimal, Constant := false, ExternalAccess := Read/Write)"
TAG,,V109ABSCADAMAN,"  - OMR: 312.12",BOOL,,"(RADIX := Decimal, Constant := false, ExternalAccess := Read/Write)"
TAG,,V110SCADAMAN,"  - OMR: 312.13",BOOL,,"(RADIX := Decimal, Constant := false, ExternalAccess := Read/Write)"
TAG,,P66SCADAMAN,"  - OMR: 312.14",BOOL,,"(RADIX := Decimal, Constant := false, ExternalAccess := Read/Write)"
TAG,,P67SCADAMAN,"  - OMR: 312.15",BOOL,,"(RADIX := Decimal, Constant := false, ExternalAccess := Read/Write)"
TAG,,P68SCADAMAN,"  - OMR: 313.00",BOOL,,"(RADIX := Decimal, Constant := false, ExternalAccess := Read/Write)"
TAG,,P69SCADAMAN,"  - OMR: 313.01",BOOL,,"(RADIX := Decimal, Constant := false, ExternalAccess := Read/Write)"
TAG,,P76SCADAMAN,"  - OMR: 313.02",BOOL,,"(RADIX := Decimal, Constant := false, ExternalAccess := Read/Write)"
TAG,,P116SCADAMAN,"  - OMR: 313.03",BOOL,,"(RADIX := Decimal, Constant := false, ExternalAccess := Read/Write)"
TAG,,P118SCADAMAN,"  - OMR: 313.04",BOOL,,"(RADIX := Decimal, Constant := false, ExternalAccess := Read/Write)"
TAG,,P117SCADAMAN,"  - OMR: 313.05",BOOL,,"(RADIX := Decimal, Constant := false, ExternalAccess := Read/Write)"
TAG,,P119SCADAMAN,"  - OMR: 313.06",BOOL,,"(RADIX := Decimal, Constant := false, ExternalAccess := Read/Write)"
TAG,,P64SCADAMAN,"  - OMR: 313.09",BOOL,,"(RADIX := Decimal, Constant := false, ExternalAccess := Read/Write)"
TAG,,P72SCADAMAN,"  - OMR: 313.10",BOOL,,"(RADIX := Decimal, Constant := false, ExternalAccess := Read/Write)"
TAG,,STER_STEAM_PRESSURE_ALM,"Sterilizer Low Steam Pressure Alarm - OMR: 315.04",BOOL,,"(RADIX := Decimal, Constant := false, ExternalAccess := Read/Write)"
TAG,,STER_V88,"STERILE TANK WATER VALVE V77 - OMR: 4.00",BOOL,,"(RADIX := Decimal, Constant := false, ExternalAccess := Read/Write)"
TAG,,STER_V77,"BALANCE TANK WATER VALVE V88 - OMR: 4.01",BOOL,,"(RADIX := Decimal, Constant := false, ExternalAccess := Read/Write)"
TAG,,STER_V90,"BALANCE TANK SPRAY BALL V-90 - OMR: 4.02",BOOL,,"(RADIX := Decimal, Constant := false, ExternalAccess := Read/Write)"
TAG,,STER_V91,"CIP PUMP A ISOLATION VALVE V101 - OMR: 4.03",BOOL,,"(RADIX := Decimal, Constant := false, ExternalAccess := Read/Write)"
TAG,,STER_V93,"STEAM VALVE V93 - OMR: 4.04",BOOL,,"(RADIX := Decimal, Constant := false, ExternalAccess := Read/Write)"
TAG,,SV405_BPV,"Back Pressure Valve Air supply V-98 - OMR: 4.05",BOOL,,"(RADIX := Decimal, Constant := false, ExternalAccess := Read/Write)"
TAG,,STER_V99,"SEPARATOR VACUUM VALVE V99 - OMR: 4.06",BOOL,,"(RADIX := Decimal, Constant := false, ExternalAccess := Read/Write)"
TAG,,STER_V100,"SEPARATOR CIP SPRAY BALL VALVE V100 - OMR: 4.07",BOOL,,"(RADIX := Decimal, Constant := false, ExternalAccess := Read/Write)"
TAG,,STER_V101,"CIP PUMP B ISOLATION VALVES V91 - OMR: 4.08",BOOL,,"(RADIX := Decimal, Constant := false, ExternalAccess := Read/Write)"
TAG,,STER_V103,"V103 STATUS (O/P INVERTED) - OMR: 4.09",BOOL,,"(RADIX := Decimal, Constant := false, ExternalAccess := Read/Write)"
TAG,,STER_V104,"V104 STATUS - OMR: 4.10",BOOL,,"(RADIX := Decimal, Constant := false, ExternalAccess := Read/Write)"
TAG,,STER_V106,"STERILE TANK CIP SPRAY BALL V-106 - OMR: 4.11",BOOL,,"(RADIX := Decimal, Constant := false, ExternalAccess := Read/Write)"
TAG,,STER_V107,"STERILE TANK BLOCKING VALVE V107 (N/O) - OMR: 4.12",BOOL,,"(RADIX := Decimal, Constant := false, ExternalAccess := Read/Write)"
TAG,,STER_V108,"CIP PUMP EAST VOTATOR ISOLATION VALVE V108 - OMR: 4.13",BOOL,,"(RADIX := Decimal, Constant := false, ExternalAccess := Read/Write)"
TAG,,STER_V109,"CIP PUMP WEST VOTATOR ISOLATION VALVE V109 - OMR: 4.14",BOOL,,"(RADIX := Decimal, Constant := false, ExternalAccess := Read/Write)"
TAG,,STER_V110,"BALANCE TANK CIP RETURN VALVE 110 N.O to drian ... - OMR: 4.15",BOOL,,"(RADIX := Decimal, Constant := false, ExternalAccess := Read/Write)"
TAG,,STER_PROCESS_PS1,"PROCESS STARTED - OMR: 400.00",BOOL,,"(RADIX := Decimal, Constant := false, ExternalAccess := Read/Write)"
TAG,,STER_PROCESS_PS2,"START P116 / P76 - OMR: 400.02",BOOL,,"(RADIX := Decimal, Constant := false, ExternalAccess := Read/Write)"
TAG,,STER_PROCESS_PS3,"START P64 - OMR: 400.04",BOOL,,"(RADIX := Decimal, Constant := false, ExternalAccess := Read/Write)"
TAG,,STER_PROCESS_PS4,"START VACUUM - OMR: 400.06",BOOL,,"(RADIX := Decimal, Constant := false, ExternalAccess := Read/Write)"
TAG,,STER_PROCESS_PS5,"START VACUUM MONITORING - OMR: 400.08",BOOL,,"(RADIX := Decimal, Constant := false, ExternalAccess := Read/Write)"
TAG,,STER_PROCESS_PS6,"START P64 - OMR: 400.10",BOOL,,"(RADIX := Decimal, Constant := false, ExternalAccess := Read/Write)"
TAG,,STER_PROCESS_PS7,"RECIRCULATION - OMR: 400.12",BOOL,,"(RADIX := Decimal, Constant := false, ExternalAccess := Read/Write)"
TAG,,STER_PROCESS_PS8,"START STEAM / POSITION VALVES - OMR: 400.14",BOOL,,"(RADIX := Decimal, Constant := false, ExternalAccess := Read/Write)"
TAG,,STER_PROCESS_PS9,"START STERILIZATION TIME - OMR: 401.00",BOOL,,"(RADIX := Decimal, Constant := false, ExternalAccess := Read/Write)"
TAG,,STER_PROCESS_PS10,"SYSTEM STERILE (READY) - OMR: 401.02",BOOL,,"(RADIX := Decimal, Constant := false, ExternalAccess := Read/Write)"
TAG,,STER_PROCESS_PS11,"TRANSITION TO PRODUCT - OMR: 401.04",BOOL,,"(RADIX := Decimal, Constant := false, ExternalAccess := Read/Write)"
TAG,,STER_PROCESS_PS12,"START FEED CONTROL - OMR: 401.06",BOOL,,"(RADIX := Decimal, Constant := false, ExternalAccess := Read/Write)"
TAG,,STER_PROCESS_PS13,"WAITING FOR SEPARATOR LEVEL - OMR: 401.08",BOOL,,"(RADIX := Decimal, Constant := false, ExternalAccess := Read/Write)"
TAG,,STER_PROCESS_PS14,"SYSTEM FORWARD (ONLINE) - OMR: 401.10",BOOL,,"(RADIX := Decimal, Constant := false, ExternalAccess := Read/Write)"
TAG,,STER_PROCESS_PS15,"START PRODUCTION MONITORING - OMR: 401.12",BOOL,,"(RADIX := Decimal, Constant := false, ExternalAccess := Read/Write)"
TAG,,STER_PROCESS_PS18,"LOW TEMP RECIRC TIME (2min) - OMR: 401.14",BOOL,,"(RADIX := Decimal, Constant := false, ExternalAccess := Read/Write)"
TAG,,P200MINUSPULSE,"  - OMR: 415.00",BOOL,,"(RADIX := Decimal, Constant := false, ExternalAccess := Read/Write)"
TAG,,P207MINUSPULSE,"  - OMR: 415.02",BOOL,,"(RADIX := Decimal, Constant := false, ExternalAccess := Read/Write)"
TAG,,P208MINUSPULSE,"  - OMR: 415.03",BOOL,,"(RADIX := Decimal, Constant := false, ExternalAccess := Read/Write)"
TAG,,V411MINUSPULSE,"  - OMR: 415.08",BOOL,,"(RADIX := Decimal, Constant := false, ExternalAccess := Read/Write)"
TAG,,STER_CIP_CS1,"CIP STARTED - OMR: 420.00",BOOL,,"(RADIX := Decimal, Constant := false, ExternalAccess := Read/Write)"
TAG,,STER_CIP_CS2,"EMPTY BALANCE TANK - OMR: 420.02",BOOL,,"(RADIX := Decimal, Constant := false, ExternalAccess := Read/Write)"
TAG,,STER_CIP_CS3,"BALANCE TANK LEVEL CONTROL - OMR: 420.04",BOOL,,"(RADIX := Decimal, Constant := false, ExternalAccess := Read/Write)"
TAG,,STER_CIP_CS4,"VOTATOR PULSATION - OMR: 420.06",BOOL,,"(RADIX := Decimal, Constant := false, ExternalAccess := Read/Write)"
TAG,,STER_CIP_CS5,"START STEAM - OMR: 420.08",BOOL,,"(RADIX := Decimal, Constant := false, ExternalAccess := Read/Write)"
TAG,,STER_CIP_CS6,"PRE-RINSE DONE - OMR: 420.10",BOOL,,"(RADIX := Decimal, Constant := false, ExternalAccess := Read/Write)"
TAG,,STER_CIP_CS7,"RINSE RECIRCULATION - OMR: 420.12",BOOL,,"(RADIX := Decimal, Constant := false, ExternalAccess := Read/Write)"
TAG,,STER_CIP_CS8,"EMPTY BALANCE TANK - OMR: 420.14",BOOL,,"(RADIX := Decimal, Constant := false, ExternalAccess := Read/Write)"
TAG,,STER_CIP_CS9,"FLUSH TO DRAIN - OMR: 421.00",BOOL,,"(RADIX := Decimal, Constant := false, ExternalAccess := Read/Write)"
TAG,,STER_CIP_CS10,"RECIRCULATION - OMR: 421.02",BOOL,,"(RADIX := Decimal, Constant := false, ExternalAccess := Read/Write)"
TAG,,STER_CIP_CS11,"RECIRCULATION DONE - OMR: 421.04",BOOL,,"(RADIX := Decimal, Constant := false, ExternalAccess := Read/Write)"
TAG,,STER_CIP_CS12,"DETERGENT WASH - OMR: 421.06",BOOL,,"(RADIX := Decimal, Constant := false, ExternalAccess := Read/Write)"
TAG,,STER_CIP_CS13,"EMPTY BALANCE TANK - OMR: 421.08",BOOL,,"(RADIX := Decimal, Constant := false, ExternalAccess := Read/Write)"
TAG,,STER_CIP_CS14,"RINSE #2 - OMR: 421.10",BOOL,,"(RADIX := Decimal, Constant := false, ExternalAccess := Read/Write)"
TAG,,STER_CIP_CS15,"RECIRCULATION - OMR: 421.12",BOOL,,"(RADIX := Decimal, Constant := false, ExternalAccess := Read/Write)"
TAG,,STER_CIP_CS16,"EMPTY BALANCE TANK - OMR: 421.14",BOOL,,"(RADIX := Decimal, Constant := false, ExternalAccess := Read/Write)"
TAG,,STER_CIP_CS17,"FLUSH TO DRAIN - OMR: 422.00",BOOL,,"(RADIX := Decimal, Constant := false, ExternalAccess := Read/Write)"
TAG,,STER_CIP_CS18,"RECIRCULATION - OMR: 422.02",BOOL,,"(RADIX := Decimal, Constant := false, ExternalAccess := Read/Write)"
TAG,,STER_CIP_CS19,"ADVANCE - OMR: 422.04",BOOL,,"(RADIX := Decimal, Constant := false, ExternalAccess := Read/Write)"
TAG,,STER_CIP_CS20,"ACID WASH - OMR: 422.06",BOOL,,"(RADIX := Decimal, Constant := false, ExternalAccess := Read/Write)"
TAG,,STER_CIP_CS21,"EMPTY BALANCE TANK - OMR: 422.08",BOOL,,"(RADIX := Decimal, Constant := false, ExternalAccess := Read/Write)"
TAG,,STER_CIP_CS22,"RINSE #3 - OMR: 422.10",BOOL,,"(RADIX := Decimal, Constant := false, ExternalAccess := Read/Write)"
TAG,,STER_CIP_CS23,"RECIRCULATION - OMR: 422.12",BOOL,,"(RADIX := Decimal, Constant := false, ExternalAccess := Read/Write)"
TAG,,STER_CIP_CS24,"EMPTY BALANCE TANK - OMR: 422.14",BOOL,,"(RADIX := Decimal, Constant := false, ExternalAccess := Read/Write)"
TAG,,STER_CIP_CS25,"STOP FEED - OMR: 423.00",BOOL,,"(RADIX := Decimal, Constant := false, ExternalAccess := Read/Write)"
TAG,,STER_CIP_CS26,"CIP DONE - OMR: 423.02",BOOL,,"(RADIX := Decimal, Constant := false, ExternalAccess := Read/Write)"
TAG,,STER_SHORT_CIP_REMINDER,">3Hrs from CIP to Startup - DO SHORT CIP - OMR: 423.11",BOOL,,"(RADIX := Decimal, Constant := false, ExternalAccess := Read/Write)"
TAG,,STERILE_TK_5,"Sterile TK > 5% - OMR: 424.02",BOOL,,"(RADIX := Decimal, Constant := false, ExternalAccess := Read/Write)"
TAG,,STERILE_TK_30,"Sterile TK < 30% - OMR: 424.03",BOOL,,"(RADIX := Decimal, Constant := false, ExternalAccess := Read/Write)"
TAG,,B_T_6,"B.T. < 6% - OMR: 424.04",BOOL,,"(RADIX := Decimal, Constant := false, ExternalAccess := Read/Write)"
TAG,,STER_SHUTDOWN_SS1,"SHUTDOWN STARTED - OMR: 450.00",BOOL,,"(RADIX := Decimal, Constant := false, ExternalAccess := Read/Write)"
TAG,,STER_SHUTDOWN_SS2,"STOP GELATIN FEED - OMR: 450.02",BOOL,,"(RADIX := Decimal, Constant := false, ExternalAccess := Read/Write)"
TAG,,STER_SHUTDOWN_SS3,"WATER FEED - OMR: 450.04",BOOL,,"(RADIX := Decimal, Constant := false, ExternalAccess := Read/Write)"
TAG,,STER_SHUTDOWN_SS4,"EMPTY SEPARATOR - OMR: 450.06",BOOL,,"(RADIX := Decimal, Constant := false, ExternalAccess := Read/Write)"
TAG,,STER_SHUTDOWN_SS5,"REBUILT SEPARATOR LEVEL - OMR: 450.08",BOOL,,"(RADIX := Decimal, Constant := false, ExternalAccess := Read/Write)"
TAG,,STER_SHUTDOWN_SS6,"WATER TO DRAIN - OMR: 450.10",BOOL,,"(RADIX := Decimal, Constant := false, ExternalAccess := Read/Write)"
TAG,,STER_SHUTDOWN_SS7,"RECIRCULATION - OMR: 450.12",BOOL,,"(RADIX := Decimal, Constant := false, ExternalAccess := Read/Write)"
TAG,,STER_SHUTDOWN_SS8,"EMPTY STERILE TANK - OMR: 450.14",BOOL,,"(RADIX := Decimal, Constant := false, ExternalAccess := Read/Write)"
TAG,,STER_SHUTDOWN_SS9,"FORWARD - OMR: 451.00",BOOL,,"(RADIX := Decimal, Constant := false, ExternalAccess := Read/Write)"
TAG,,STER_SHUTDOWN_SS10,"RECIRCULATION - OMR: 451.02",BOOL,,"(RADIX := Decimal, Constant := false, ExternalAccess := Read/Write)"
TAG,,STER_SHUTDOWN_SS11,"STOP STEAM - OMR: 451.04",BOOL,,"(RADIX := Decimal, Constant := false, ExternalAccess := Read/Write)"
TAG,,STER_SHUTDOWN_SS12,"SHUTDOWN COMPLETE - OMR: 451.06",BOOL,,"(RADIX := Decimal, Constant := false, ExternalAccess := Read/Write)"
TAG,,WS1,"WATER STEP #1 - OMR: 455.02",BOOL,,"(RADIX := Decimal, Constant := false, ExternalAccess := Read/Write)"
TAG,,WS2,"WATER STEP #2 - OMR: 455.04",BOOL,,"(RADIX := Decimal, Constant := false, ExternalAccess := Read/Write)"
TAG,,WS3,"WATER STEP #3 - OMR: 455.08",BOOL,,"(RADIX := Decimal, Constant := false, ExternalAccess := Read/Write)"
TAG,,SLCS1,"  - OMR: 465.02",BOOL,,"(RADIX := Decimal, Constant := false, ExternalAccess := Read/Write)"
TAG,,SLCS2,"SYSTEM IN RECIRCULATION V4.15 ENERG. - OMR: 465.04",BOOL,,"(RADIX := Decimal, Constant := false, ExternalAccess := Read/Write)"
TAG,,SLCS3,"RESET - OMR: 465.08",BOOL,,"(RADIX := Decimal, Constant := false, ExternalAccess := Read/Write)"
TAG,,SEP_LVL_26PERCENT,"  - OMR: 470.03",BOOL,,"(RADIX := Decimal, Constant := false, ExternalAccess := Read/Write)"
TAG,,SEPARATOR_10,"Separator < 10% - OMR: 470.04",BOOL,,"(RADIX := Decimal, Constant := false, ExternalAccess := Read/Write)"
TAG,,STER_LEVEL_SEPARATOR,"SEPARATOR LEVEL HI - CHECK P72 - OMR: 470.08",BOOL,,"(RADIX := Decimal, Constant := false, ExternalAccess := Read/Write)"
TAG,,STER_AFTERLOOP_TEMP,"AFTER LOOP TEMP <140 c - OMR: 470.12",BOOL,,"(RADIX := Decimal, Constant := false, ExternalAccess := Read/Write)"
TAG,,SEP_LVL_65PERCENT,"Seperator Level <65% - OMR: 470.13",BOOL,,"(RADIX := Decimal, Constant := false, ExternalAccess := Read/Write)"
TAG,,STER_BEFORELOOP_TEMP,"BEFORE LOOP TEMP <140 c - OMR: 470.14",BOOL,,"(RADIX := Decimal, Constant := false, ExternalAccess := Read/Write)"
TAG,,STER_PU66_CIP_LOWFLOW,"P66 CIP LowFlow Rate "check P66" - OMR: 471.00",BOOL,,"(RADIX := Decimal, Constant := false, ExternalAccess := Read/Write)"
TAG,,SEPERATOR_LEVEL_12,"Seperator Level < 12% - OMR: 471.01",BOOL,,"(RADIX := Decimal, Constant := false, ExternalAccess := Read/Write)"
TAG,,STOP_P67,"Sep Level < 11% - OMR: 480.02",BOOL,,"(RADIX := Decimal, Constant := false, ExternalAccess := Read/Write)"
TAG,,LOOPTEMPGRTRTHAN95C,"loop temp >/= 95c  stop steam - OMR: 480.03",BOOL,,"(RADIX := Decimal, Constant := false, ExternalAccess := Read/Write)"
TAG,,LOOPTEMPLESSTHAN85C,"loop temp </= 85c  start steam - OMR: 480.04",BOOL,,"(RADIX := Decimal, Constant := false, ExternalAccess := Read/Write)"
TAG,,Sterilizer_ADDR_481," - OMR: 481",DINT,,"(RADIX := Decimal, Constant := false, ExternalAccess := Read/Write)"
TAG,,Sterilizer_ADDR_482," - OMR: 482",DINT,,"(RADIX := Decimal, Constant := false, ExternalAccess := Read/Write)"
TAG,,CAUSTIC_FLOW_TARGET_REACHED,"Caustic Flow Target Reached - OMR: 489.15",BOOL,,"(RADIX := Decimal, Constant := false, ExternalAccess := Read/Write)"
TAG,,RINSE_STOP_TRIGGER,"Conductivity less than rinse stop setpoint - OMR: 490.00",BOOL,,"(RADIX := Decimal, Constant := false, ExternalAccess := Read/Write)"
TAG,,CAUSTIC_PUMP_STOP_TRIGGER,"Caustic Pump Stop Trigger - OMR: 490.01",BOOL,,"(RADIX := Decimal, Constant := false, ExternalAccess := Read/Write)"
TAG,,ADD_MORE_CAUSTIC,"Add more Caustic - OMR: 490.02",BOOL,,"(RADIX := Decimal, Constant := false, ExternalAccess := Read/Write)"
TAG,,ADD_MORE_SANITIZER,"Add more Acid - OMR: 490.03",BOOL,,"(RADIX := Decimal, Constant := false, ExternalAccess := Read/Write)"
TAG,,STEP_ADVANCE,"STEP ADVANCE - OMR: 490.04",BOOL,,"(RADIX := Decimal, Constant := false, ExternalAccess := Read/Write)"
TAG,,STER_CIP_COND1_DI,"Sterilizer CIP Conductivity < 80mS - OMR: 490.06",BOOL,,"(RADIX := Decimal, Constant := false, ExternalAccess := Read/Write)"
TAG,,PRERINSE_ADVANCE,"PreRinse Advance - OMR: 490.09",BOOL,,"(RADIX := Decimal, Constant := false, ExternalAccess := Read/Write)"
TAG,,P116_CIP_INHIBIT,"P116 CIP Inhibit - OMR: 490.13",BOOL,,"(RADIX := Decimal, Constant := false, ExternalAccess := Read/Write)"
TAG,,P116_1ST_CIP,"P116 1st CIP - OMR: 490.14",BOOL,,"(RADIX := Decimal, Constant := false, ExternalAccess := Read/Write)"
TAG,,CIP_MANUAL_PB,"Manual CIP Selection PB - OMR: 491.00",BOOL,,"(RADIX := Decimal, Constant := false, ExternalAccess := Read/Write)"
TAG,,CIP_AUTO_PB,"Auto CIP Selection PB - OMR: 491.01",BOOL,,"(RADIX := Decimal, Constant := false, ExternalAccess := Read/Write)"
TAG,,CIP_AUTO_MONTHLY_PB,"Auto Monthly CIP Selection PB - OMR: 491.02",BOOL,,"(RADIX := Decimal, Constant := false, ExternalAccess := Read/Write)"
TAG,,CIP_AUTO_SHORT_PB,"Auto Short CIP Selection PB - OMR: 491.03",BOOL,,"(RADIX := Decimal, Constant := false, ExternalAccess := Read/Write)"
TAG,,CIP_MANUAL_SELECTED,"Manual CIP Selected - OMR: 492.00",BOOL,,"(RADIX := Decimal, Constant := false, ExternalAccess := Read/Write)"
TAG,,CIP_AUTO_SELECTED,"Auto CIP Selected - OMR: 492.01",BOOL,,"(RADIX := Decimal, Constant := false, ExternalAccess := Read/Write)"
TAG,,CIP_AUTO_MONTHLY_SELECTED,"Auto Monthly CIP Selected - OMR: 492.02",BOOL,,"(RADIX := Decimal, Constant := false, ExternalAccess := Read/Write)"
TAG,,CIP_AUTO_SHORT_SELECTED,"Auto Short CIP Selected - OMR: 492.03",BOOL,,"(RADIX := Decimal, Constant := false, ExternalAccess := Read/Write)"
TAG,,STEP_REPEAT_PULSE,"STEP REPEAT PULSE - OMR: 493.00",BOOL,,"(RADIX := Decimal, Constant := false, ExternalAccess := Read/Write)"
TAG,,STEP_REPEAT,"STEP REPEAT - OMR: 493.01",BOOL,,"(RADIX := Decimal, Constant := false, ExternalAccess := Read/Write)"
TAG,,CIP_TOO_LONG_BIT,"CIP TOO LONG BIT TO SCADA - OMR: 494.01",BOOL,,"(RADIX := Decimal, Constant := false, ExternalAccess := Read/Write)"
TAG,,LA500,"ALARM ACKNOWLEDGE LAMP - OMR: 5.00",BOOL,,"(RADIX := Decimal, Constant := false, ExternalAccess := Read/Write)"
TAG,,STER_PROCESS_START_DI,"PROCESS BUTTON LAMP - OMR: 5.01",BOOL,,"(RADIX := Decimal, Constant := false, ExternalAccess := Read/Write)"
TAG,,LA502,"CIP BUTTON LAMP - OMR: 5.02",BOOL,,"(RADIX := Decimal, Constant := false, ExternalAccess := Read/Write)"
TAG,,STER_EXCEPTION_PROD_PURGE_DI,"PRODUCTION PURGE - SUSPEND ON - OMR: 5.03",BOOL,,"(RADIX := Decimal, Constant := false, ExternalAccess := Read/Write)"
TAG,,LA504,"STERILE TANK HOT WATER VALVE LAMP - OMR: 5.04",BOOL,,"(RADIX := Decimal, Constant := false, ExternalAccess := Read/Write)"
TAG,,LA505,"VOTATOR FEED PUMP EAST LAMP - OMR: 5.05",BOOL,,"(RADIX := Decimal, Constant := false, ExternalAccess := Read/Write)"
TAG,,STER_IND_P118,"VOTATOR FEED PUMP WEST LAMP - OMR: 5.06",BOOL,,"(RADIX := Decimal, Constant := false, ExternalAccess := Read/Write)"
TAG,,STER_IND_VAC_LIQ_LVL,"VACUUM/LIQUID LEVEL LAMP - OMR: 5.07",BOOL,,"(RADIX := Decimal, Constant := false, ExternalAccess := Read/Write)"
TAG,,STER_IND_WATER_STERILIZATION,"WATER STERILIZATION TRANSITION LAMP - OMR: 5.08",BOOL,,"(RADIX := Decimal, Constant := false, ExternalAccess := Read/Write)"
TAG,,STER_EXCEPTION_STER_TRANS_DI,"STER TRANSITION IND LIGHT - SUSPEND OFF - OMR: 5.09",BOOL,,"(RADIX := Decimal, Constant := false, ExternalAccess := Read/Write)"
TAG,,STER_IND_GEL_STERILIZATION,"GELATIN STERILIZATION LAMP - OMR: 5.10",BOOL,,"(RADIX := Decimal, Constant := false, ExternalAccess := Read/Write)"
TAG,,STER_IND_WATER_RINSE1,"WATER RINSE #1 LAMP - OMR: 5.11",BOOL,,"(RADIX := Decimal, Constant := false, ExternalAccess := Read/Write)"
TAG,,STER_IND_CAUSTIC,"CAUSTIC/DETERGENT LAMP - OMR: 5.12",BOOL,,"(RADIX := Decimal, Constant := false, ExternalAccess := Read/Write)"
TAG,,STER_IND_WATER_RINSE2,"WATER RINSE #2 LAMP - OMR: 5.13",BOOL,,"(RADIX := Decimal, Constant := false, ExternalAccess := Read/Write)"
TAG,,LA514,"BALANCE TANK LEVEL ALARM LAMP - OMR: 5.14",BOOL,,"(RADIX := Decimal, Constant := false, ExternalAccess := Read/Write)"
TAG,,LA515,"SEPARATOR LEVEL ALARM LAMP - OMR: 5.15",BOOL,,"(RADIX := Decimal, Constant := false, ExternalAccess := Read/Write)"
TAG,,BTLOW,"B.T > 10% - OMR: 500.00",BOOL,,"(RADIX := Decimal, Constant := false, ExternalAccess := Read/Write)"
TAG,,STER_LEVEL_BALANCE_TK_DA,"BALANCE TANK LOW LEVEL <20% - OMR: 500.01",BOOL,,"(RADIX := Decimal, Constant := false, ExternalAccess := Read/Write)"
TAG,,BTGRTRTHAN25PERCENT,"B.T. > 25% "START P76" - OMR: 500.02",BOOL,,"(RADIX := Decimal, Constant := false, ExternalAccess := Read/Write)"
TAG,,STER_LEVEL_BALANCE_TK_LOW,"BALANCE TANK LOW LEVEL <15% - OMR: 500.03",BOOL,,"(RADIX := Decimal, Constant := false, ExternalAccess := Read/Write)"
TAG,,BTGRTRTHAN55PERCENT,"B.T. > 55% "STOP P76" - OMR: 500.04",BOOL,,"(RADIX := Decimal, Constant := false, ExternalAccess := Read/Write)"
TAG,,CIPMINUSOVERFLOW,"BALANCE TANK CIP OVERFLOW - OMR: 500.05",BOOL,,"(RADIX := Decimal, Constant := false, ExternalAccess := Read/Write)"
TAG,,STER_LEVEL_BALANCE_TK_ALARM,"STERILIZER BALANCE TANK LOW LEVEL - OMR: 500.06",BOOL,,"(RADIX := Decimal, Constant := false, ExternalAccess := Read/Write)"
TAG,,BTLOWACK,"BALANCE TANK LOW LEVEL ALARM CANCEL - OMR: 500.07",BOOL,,"(RADIX := Decimal, Constant := false, ExternalAccess := Read/Write)"
TAG,,BTHIGHALARM,"BALANCE TANK HIGH LEVEL ALARM - OMR: 500.08",BOOL,,"(RADIX := Decimal, Constant := false, ExternalAccess := Read/Write)"
TAG,,BTHIGHCANCEL,"BALANCE TANK HIGH LEVEL ALARM CANCEL - OMR: 500.09",BOOL,,"(RADIX := Decimal, Constant := false, ExternalAccess := Read/Write)"
TAG,,BT_LL_5PERCENT,"BALANCE TANK LOW 5% - OMR: 500.10",BOOL,,"(RADIX := Decimal, Constant := false, ExternalAccess := Read/Write)"
TAG,,BT_LVL,"B.T > 6% - OMR: 500.11",BOOL,,"(RADIX := Decimal, Constant := false, ExternalAccess := Read/Write)"
TAG,,BTK_LEVEL_75PERCENT,"BALANCE TANK LEVEL > 75% - OMR: 500.12",BOOL,,"(RADIX := Decimal, Constant := false, ExternalAccess := Read/Write)"
TAG,,BTLESSTHAN15PERCENT,"B.T. < 15% - OMR: 500.13",BOOL,,"(RADIX := Decimal, Constant := false, ExternalAccess := Read/Write)"
TAG,,_BTGRTRTHAN30PERCENT,"  - OMR: 500.14",BOOL,,"(RADIX := Decimal, Constant := false, ExternalAccess := Read/Write)"
TAG,,STER_PROC_CHEM_START_DI,"Batch Start Gelly on belt "CIP timming Report" - OMR: 500.15",BOOL,,"(RADIX := Decimal, Constant := false, ExternalAccess := Read/Write)"
TAG,,LLST,"LOW LEVEL STERILE TANK >10% - OMR: 501.00",BOOL,,"(RADIX := Decimal, Constant := false, ExternalAccess := Read/Write)"
TAG,,STERIL_TK_25,"Steril TK > 25% - OMR: 501.01",BOOL,,"(RADIX := Decimal, Constant := false, ExternalAccess := Read/Write)"
TAG,,MLST,"MID LEVEL STERILE TANK >15% - OMR: 501.02",BOOL,,"(RADIX := Decimal, Constant := false, ExternalAccess := Read/Write)"
TAG,,STK_25PERCENT,"Steril Tank >30% - OMR: 501.03",BOOL,,"(RADIX := Decimal, Constant := false, ExternalAccess := Read/Write)"
TAG,,HLST,"HIGH LEVEL STERILE TANK >80% - OMR: 501.04",BOOL,,"(RADIX := Decimal, Constant := false, ExternalAccess := Read/Write)"
TAG,,STK_35PERCENT,"Steril Tank >35% - OMR: 501.05",BOOL,,"(RADIX := Decimal, Constant := false, ExternalAccess := Read/Write)"
TAG,,STLOWALARM,"STERILE TANK LOW LEVEL ALARM <6% - OMR: 501.06",BOOL,,"(RADIX := Decimal, Constant := false, ExternalAccess := Read/Write)"
TAG,,STLOWACK,"STERILE TANK LOW LEVEL ALARM CANCEL - OMR: 501.07",BOOL,,"(RADIX := Decimal, Constant := false, ExternalAccess := Read/Write)"
TAG,,STHIGHALARM,"STERILE TANK HIGH ALARM >90% - OMR: 501.08",BOOL,,"(RADIX := Decimal, Constant := false, ExternalAccess := Read/Write)"
TAG,,STHIGHCANCEL,"STERILE TANK HIGH LEVEL ALARM CANCEL - OMR: 501.09",BOOL,,"(RADIX := Decimal, Constant := false, ExternalAccess := Read/Write)"
TAG,,STER_LVL_8PERCENT,"STER TK < 8% "Open V77 to clean out Chemetator" - OMR: 501.10",BOOL,,"(RADIX := Decimal, Constant := false, ExternalAccess := Read/Write)"
TAG,,VERYMINUSLOWMINUSLEVEL,"RESET VOTATOR LOW LEVEL STERILE TANK 3% - OMR: 501.11",BOOL,,"(RADIX := Decimal, Constant := false, ExternalAccess := Read/Write)"
TAG,,STTKLESS90PERCENT,"STERILE TANK LEVEL LESS THAN 90% - OMR: 501.12",BOOL,,"(RADIX := Decimal, Constant := false, ExternalAccess := Read/Write)"
TAG,,STTKHIGH85PERCENT,"STERILE TANK LEVEL greater than 85% - OMR: 501.13",BOOL,,"(RADIX := Decimal, Constant := false, ExternalAccess := Read/Write)"
TAG,,STKLEVELGRTRTHAN95PERCENT,"STERILE TANK LEVEL MORE THAN 95% - OMR: 501.14",BOOL,,"(RADIX := Decimal, Constant := false, ExternalAccess := Read/Write)"
TAG,,HIGHPRESSW,"HIGH PRESSURE SWITCH ALARM - OMR: 502.00",BOOL,,"(RADIX := Decimal, Constant := false, ExternalAccess := Read/Write)"
TAG,,PRESWAK,"PRESURE ALARM ACK - OMR: 502.01",BOOL,,"(RADIX := Decimal, Constant := false, ExternalAccess := Read/Write)"
TAG,,LOWTEMPALARM,"LOW TEMP. ALARM - OMR: 502.04",BOOL,,"(RADIX := Decimal, Constant := false, ExternalAccess := Read/Write)"
TAG,,LOWTEMPACK,"LOW TEMPERATURE ALARM ACKNOWLEDGE - OMR: 502.05",BOOL,,"(RADIX := Decimal, Constant := false, ExternalAccess := Read/Write)"
TAG,,SEPLEVELALARM,"SEPARATOR LEVEL ALARM - OMR: 502.08",BOOL,,"(RADIX := Decimal, Constant := false, ExternalAccess := Read/Write)"
TAG,,SEPALARMACK,"SEPARATOR LEVEL ALARM ACK. - OMR: 502.09",BOOL,,"(RADIX := Decimal, Constant := false, ExternalAccess := Read/Write)"
TAG,,VACUUMALARM,"LOW VACUUM ALARM - OMR: 502.12",BOOL,,"(RADIX := Decimal, Constant := false, ExternalAccess := Read/Write)"
TAG,,VACUUMALARACK,"VACUUM ALARM ACK. - OMR: 502.13",BOOL,,"(RADIX := Decimal, Constant := false, ExternalAccess := Read/Write)"
TAG,,BALANCE_TANK_35,"Balance Tank > 35% - OMR: 502.14",BOOL,,"(RADIX := Decimal, Constant := false, ExternalAccess := Read/Write)"
TAG,,BALANCE_TANK_45,"Balance Tank > 45% - OMR: 502.15",BOOL,,"(RADIX := Decimal, Constant := false, ExternalAccess := Read/Write)"
TAG,,STER_VSD_FAULT_ALARM,"STER_PUMPS_VSD_FAULT - OMR: 503.00",BOOL,,"(RADIX := Decimal, Constant := false, ExternalAccess := Read/Write)"
TAG,,VSDALARMACK,"VSD ALARM ACKNOWLEDGE - OMR: 503.01",BOOL,,"(RADIX := Decimal, Constant := false, ExternalAccess := Read/Write)"
TAG,,BALANCE_TANK_LEVEL_13,"Balance Tank level >13% durring water Steriliza... - OMR: 503.02",BOOL,,"(RADIX := Decimal, Constant := false, ExternalAccess := Read/Write)"
TAG,,BT_30,"BT > 30% - OMR: 503.10",BOOL,,"(RADIX := Decimal, Constant := false, ExternalAccess := Read/Write)"
TAG,,BT_6,"BT < 6% - OMR: 503.11",BOOL,,"(RADIX := Decimal, Constant := false, ExternalAccess := Read/Write)"
TAG,,STER_LEVEL_ALARM,"STERILE TANK LOW LEVEL - OMR: 504.00",BOOL,,"(RADIX := Decimal, Constant := false, ExternalAccess := Read/Write)"
TAG,,STLOWLEVELRES,"STERILE TANK LOW LEVEL ALARM RESET <8% - OMR: 504.01",BOOL,,"(RADIX := Decimal, Constant := false, ExternalAccess := Read/Write)"
TAG,,BT_35PERCENT,"BALANC TANK LEVEL >35% - OMR: 504.05",BOOL,,"(RADIX := Decimal, Constant := false, ExternalAccess := Read/Write)"
TAG,,BALANCE_TANK_LEVEL,"BALANCE TANK LEVEL > 68% - OMR: 504.07",BOOL,,"(RADIX := Decimal, Constant := false, ExternalAccess := Read/Write)"
TAG,,STER_TOGGLE_SWITCH_ALERT,"Sterilizer Panel Toggle Switch in MAN - OMR: 504.10",BOOL,,"(RADIX := Decimal, Constant := false, ExternalAccess := Read/Write)"
TAG,,STER_RECLAIM_PUMP_TRIPPED,"Chemetator Recovery Tank Pump Overload - OMR: 504.11",BOOL,,"(RADIX := Decimal, Constant := false, ExternalAccess := Read/Write)"
TAG,,STER_RECLAIM_TANK_LEVEL,"Chemetator Recovery Tank HI Level - OMR: 504.12",BOOL,,"(RADIX := Decimal, Constant := false, ExternalAccess := Read/Write)"
TAG,,PROCESS_RUNNING,"Process Running - OMR: 506.00",BOOL,,"(RADIX := Decimal, Constant := false, ExternalAccess := Read/Write)"
TAG,,SHUT_DOWN_IN_PROGRESS,"Shut Down in Progress - OMR: 506.01",BOOL,,"(RADIX := Decimal, Constant := false, ExternalAccess := Read/Write)"
TAG,,CIP_IN_PROGRESS,"CIP in Progress - OMR: 506.02",BOOL,,"(RADIX := Decimal, Constant := false, ExternalAccess := Read/Write)"
TAG,,CHEMETATOR_PARKED,"Chemetator Parked - OMR: 506.03",BOOL,,"(RADIX := Decimal, Constant := false, ExternalAccess := Read/Write)"
TAG,,UNKNOWN_STATE_CRASHED,"Unknown State / Crashed - OMR: 506.05",BOOL,,"(RADIX := Decimal, Constant := false, ExternalAccess := Read/Write)"
TAG,,CIP_TOO_LONG,"CIP TOO LONG - OMR: 506.06",BOOL,,"(RADIX := Decimal, Constant := false, ExternalAccess := Read/Write)"
TAG,,STER_PH_SFTK_INTLK,"SFTK Interlock to Sterilzer for CIP - OMR: 506.07",BOOL,,"(RADIX := Decimal, Constant := false, ExternalAccess := Read/Write)"
TAG,,Sterilizer_ADDR_508," - OMR: 508",DINT,,"(RADIX := Decimal, Constant := false, ExternalAccess := Read/Write)"
TAG,,BCDHASH4,"COMMUNICATION TO 2ND OMRON PLC - OMR: 509.00",BOOL,,"(RADIX := Decimal, Constant := false, ExternalAccess := Read/Write)"
TAG,,BCDHASH3,"COMMUNICATION TO 2ND OMRON PLC - OMR: 509.01",BOOL,,"(RADIX := Decimal, Constant := false, ExternalAccess := Read/Write)"
TAG,,BCDHASH2,"COMMUNICATION TO 2ND OMRON PLC - OMR: 509.02",BOOL,,"(RADIX := Decimal, Constant := false, ExternalAccess := Read/Write)"
TAG,,Sterilizer_ADDR_510," - OMR: 510",DINT,,"(RADIX := Decimal, Constant := false, ExternalAccess := Read/Write)"
TAG,,LA600,"STERILE TANK LEVEL ALARM - OMR: 6.00",BOOL,,"(RADIX := Decimal, Constant := false, ExternalAccess := Read/Write)"
TAG,,LA601,"VARIABLE SPED DRIVE FAULT LAMP - OMR: 6.01",BOOL,,"(RADIX := Decimal, Constant := false, ExternalAccess := Read/Write)"
TAG,,STER_IND_ACID,"ACID WASH LAMP - OMR: 6.02",BOOL,,"(RADIX := Decimal, Constant := false, ExternalAccess := Read/Write)"
TAG,,STER_IND_WATER_RINSE3,"WATER RINSE #3 LAMP - OMR: 6.03",BOOL,,"(RADIX := Decimal, Constant := false, ExternalAccess := Read/Write)"
TAG,,LA604,"LOW TEMPERATURE ALARM LAMP - OMR: 6.04",BOOL,,"(RADIX := Decimal, Constant := false, ExternalAccess := Read/Write)"
TAG,,LA605,"HIGH PRESSURE ALARM LAMP - OMR: 6.05",BOOL,,"(RADIX := Decimal, Constant := false, ExternalAccess := Read/Write)"
TAG,,STER_V111,"CIP RETURN TO STERILE TANK V111 - OMR: 6.06",BOOL,,"(RADIX := Decimal, Constant := false, ExternalAccess := Read/Write)"
TAG,,STER_V112,"CIP REtURN TO DRAIN V112 - OMR: 6.07",BOOL,,"(RADIX := Decimal, Constant := false, ExternalAccess := Read/Write)"
TAG,,STER_V113,"Vert. Condenser Drain Valve - OMR: 6.08",BOOL,,"(RADIX := Decimal, Constant := false, ExternalAccess := Read/Write)"
TAG,,BIT609,"2 LINE DISPLAY BIT#0 - OMR: 6.09",BOOL,,"(RADIX := Decimal, Constant := false, ExternalAccess := Read/Write)"
TAG,,BIT610,"2 LINE DISPLAY BIT#1 - OMR: 6.10",BOOL,,"(RADIX := Decimal, Constant := false, ExternalAccess := Read/Write)"
TAG,,BIT611,"2 LINE DISPLAY BIT#2 - OMR: 6.11",BOOL,,"(RADIX := Decimal, Constant := false, ExternalAccess := Read/Write)"
TAG,,BIT612,"2 LINE DISPLAY BIT#3 - OMR: 6.12",BOOL,,"(RADIX := Decimal, Constant := false, ExternalAccess := Read/Write)"
TAG,,BIT613,"2 LINE DISPLAY BIT#4 - OMR: 6.13",BOOL,,"(RADIX := Decimal, Constant := false, ExternalAccess := Read/Write)"
TAG,,BIT614,"2 LINE DISPLAY BIT#5 - OMR: 6.14",BOOL,,"(RADIX := Decimal, Constant := false, ExternalAccess := Read/Write)"
TAG,,BIT615,"2 LINE DISPLAY BIT#6 - OMR: 6.15",BOOL,,"(RADIX := Decimal, Constant := false, ExternalAccess := Read/Write)"
TAG,,BELLMINUSPULSE2_STATUS_CTR,"2 PULSES - OMR: CNT005",COUNTER,,"(Constant := false, ExternalAccess := Read/Write)"
TAG,,BELLMINUSPULSE4_STATUS_CTR,"4 PULSES - OMR: CNT006",COUNTER,,"(Constant := false, ExternalAccess := Read/Write)"
TAG,,VERT_CONDENSER_CIP_COUNTER_CTR,"Vert. Condenser CIP Counter - OMR: CNT007",COUNTER,,"(Constant := false, ExternalAccess := Read/Write)"
TAG,,CNTP207_STATUS_CTR,"COUNTER P207 - OMR: CNT010",COUNTER,,"(Constant := false, ExternalAccess := Read/Write)"
TAG,,CNTP208_STATUS_CTR,"COUNTER P208 - OMR: CNT011",COUNTER,,"(Constant := false, ExternalAccess := Read/Write)"
TAG,,STERILMINUSTKMINUSWATER_STATUS_CTR,"STERILE TANK WATER CTRL - OMR: CNT012",COUNTER,,"(Constant := false, ExternalAccess := Read/Write)"
TAG,,CIPMINUSPULSEMINUSINDEX_STATUS_CTR,"INDEX FOR CIP PULSATION - OMR: CNT050",COUNTER,,"(Constant := false, ExternalAccess := Read/Write)"
TAG,,CNTP207_PV_CTR,"COUNTER P207 - OMR: CNT10",COUNTER,,"(Constant := false, ExternalAccess := Read/Write)"
TAG,,CNTP208_PV_CTR,"COUNTER P208 - OMR: CNT11",COUNTER,,"(Constant := false, ExternalAccess := Read/Write)"
TAG,,STERILMINUSTKMINUSWATER_PV_CTR,"STERILE TANK WATER CTRL - OMR: CNT12",COUNTER,,"(Constant := false, ExternalAccess := Read/Write)"
TAG,,Tag_1H45M_COUNTER_CTR,"1H45m Counter - OMR: CNT301",COUNTER,,"(Constant := false, ExternalAccess := Read/Write)"
TAG,,CIP_DURATION_COUNTER_CTR,"CIP Duration Counter - OMR: CNT305",COUNTER,,"(Constant := false, ExternalAccess := Read/Write)"
TAG,,CIPMINUSPULSEMINUSINDEX_PV_CTR,"INDEX FOR CIP PULSATION - OMR: CNT50",COUNTER,,"(Constant := false, ExternalAccess := Read/Write)"
TAG,,AC1C1LL,"LOWER LIMIT - OMR: DM1000",REAL,,"(RADIX := Float, Constant := false, ExternalAccess := Read/Write)"
TAG,,AC1C1UL,"UPPER LIMIT - OMR: DM1001",REAL,,"(RADIX := Float, Constant := false, ExternalAccess := Read/Write)"
TAG,,AC1C2LL,"LOWER LIMIT - OMR: DM1002",REAL,,"(RADIX := Float, Constant := false, ExternalAccess := Read/Write)"
TAG,,AC1C2UL,"UPPERLIMIT - OMR: DM1003",REAL,,"(RADIX := Float, Constant := false, ExternalAccess := Read/Write)"
TAG,,AC1C3LL,"LOWER LIMIT - OMR: DM1004",REAL,,"(RADIX := Float, Constant := false, ExternalAccess := Read/Write)"
TAG,,AC1C3UL,"UPPER LIMIT - OMR: DM1005",REAL,,"(RADIX := Float, Constant := false, ExternalAccess := Read/Write)"
TAG,,AC1C4LL,"LOWER LIMIT - OMR: DM1006",REAL,,"(RADIX := Float, Constant := false, ExternalAccess := Read/Write)"
TAG,,AC1C4UL,"UPPER LIMIT - OMR: DM1007",REAL,,"(RADIX := Float, Constant := false, ExternalAccess := Read/Write)"
TAG,,AC2C1LL,"LOWER LIMIT - OMR: DM1100",REAL,,"(RADIX := Float, Constant := false, ExternalAccess := Read/Write)"
TAG,,AC2C1UL,"UPPER LIMIT - OMR: DM1101",REAL,,"(RADIX := Float, Constant := false, ExternalAccess := Read/Write)"
TAG,,AC2C2LL,"LOWER LIMIT - OMR: DM1102",REAL,,"(RADIX := Float, Constant := false, ExternalAccess := Read/Write)"
TAG,,AC2C2UL,"UPPER LIMIT - OMR: DM1103",REAL,,"(RADIX := Float, Constant := false, ExternalAccess := Read/Write)"
TAG,,AC2C3LL,"LOWER LIMIT - OMR: DM1104",REAL,,"(RADIX := Float, Constant := false, ExternalAccess := Read/Write)"
TAG,,AC2C3UL,"UPPER LIMIT - OMR: DM1105",REAL,,"(RADIX := Float, Constant := false, ExternalAccess := Read/Write)"
TAG,,AC2C4LL,"LOWER LIMIT - OMR: DM1106",REAL,,"(RADIX := Float, Constant := false, ExternalAccess := Read/Write)"
TAG,,AC2C4UL,"UPPER LIMIT - OMR: DM1107",REAL,,"(RADIX := Float, Constant := false, ExternalAccess := Read/Write)"
TAG,,CONDUCTIVITY,"Conductivity Scaled 0 - 99.99 ms/cm (0 - 9999) - OMR: DM410",REAL,,"(RADIX := Float, Constant := false, ExternalAccess := Read/Write)"
TAG,,STERILIZER_RUNNING_STATUS,"2'=S/D, 3=CIP, 4=Park, 5=CIP>Target, 6=??' - OMR: DM420",REAL,,"(RADIX := Float, Constant := false, ExternalAccess := Read/Write)"
TAG,,STER_TR74_BEFORE_LOOP,"STERILE LOOP TEMP (Before Loop) - OMR: DM500",REAL,,"(RADIX := Float, Constant := false, ExternalAccess := Read/Write)"
TAG,,STER_TR74_STPT_AI,"TR74 SETPOINT - OMR: DM501",REAL,,"(RADIX := Float, Constant := false, ExternalAccess := Read/Write)"
TAG,,STER_VAC,"STERILIZER VACUUM LOW (PICA70) - OMR: DM510",REAL,,"(RADIX := Float, Constant := false, ExternalAccess := Read/Write)"
TAG,,STER_LEVEL_SEP,"SEPARATOR LEVEL - OMR: DM520",REAL,,"(RADIX := Float, Constant := false, ExternalAccess := Read/Write)"
TAG,,STER_LEVEL_SEP_STPT_AI,"SEPARATOR LEVEL - OMR: DM521",REAL,,"(RADIX := Float, Constant := false, ExternalAccess := Read/Write)"
TAG,,STER_FLOW_PASSTHRU,"Sterilizer Flowrate to Chemetaor PLC - OMR: DM530",REAL,,"(RADIX := Float, Constant := false, ExternalAccess := Read/Write)"
TAG,,STER_TO_DRIER_CIP_STEP,"CIP SQUENCE TO DRIER PLC TO SET P117 P66 SPEED - OMR: DM910",REAL,,"(RADIX := Float, Constant := false, ExternalAccess := Read/Write)"
TAG,,CIPMINUSPULSATION,"CIP PULSATION REFERENCE - OMR: DM99",REAL,,"(RADIX := Float, Constant := false, ExternalAccess := Read/Write)"
TAG,,V411PULSE,"TO KEEP THE STERILE TANK SPRAY VALVE OPEN FOR 6... - OMR: HR0.01",BOOL,,"(RADIX := Decimal, Constant := false, ExternalAccess := Read/Write)"
TAG,,TIMER0_STATUS_TMR,"PULSE 1 SEC. ON 1 SEC. OFF - OMR: TIM000",TIMER,,"(Constant := false, ExternalAccess := Read/Write)"
TAG,,TIMER1_STATUS_TMR,"PULSE 1 SEC. ON 1 SEC. OFF - OMR: TIM001",TIMER,,"(Constant := false, ExternalAccess := Read/Write)"
TAG,,Tag_10SECONDS_STATUS_TMR,"10 SECONDS PULSATION - OMR: TIM002",TIMER,,"(Constant := false, ExternalAccess := Read/Write)"
TAG,,Tag_1MINUSSECONDSMINUS2_STATUS_TMR,"10 SECONDS PULSATION - OMR: TIM003",TIMER,,"(Constant := false, ExternalAccess := Read/Write)"
TAG,,_10_SEC_PULSE_STATUS_TMR,"10 sec pulse every 10 min - OMR: TIM017",TIMER,,"(Constant := false, ExternalAccess := Read/Write)"
TAG,,Tag_15SEC_PULSE_STATUS_TMR,"15 sec pulse every 5 min - OMR: TIM018",TIMER,,"(Constant := false, ExternalAccess := Read/Write)"
TAG,,PS4TIMER_STATUS_TMR,"DELAY AFTER VACUUM - OMR: TIM203",TIMER,,"(Constant := false, ExternalAccess := Read/Write)"
TAG,,PS7TIMER_STATUS_TMR,"DELAY BEFORE STEAM - OMR: TIM205",TIMER,,"(Constant := false, ExternalAccess := Read/Write)"
TAG,,PS9TIMER_STATUS_TMR,"STERILIZATION TIME - OMR: TIM207",TIMER,,"(Constant := false, ExternalAccess := Read/Write)"
TAG,,STERILIZATION_TIME_MORE_TIME_TMR,"Sterilization Time (more time) - OMR: TIM208",TIMER,,"(Constant := false, ExternalAccess := Read/Write)"
TAG,,PS12TIMER_STATUS_TMR,"DELAY FOR SEPARATOR LEVEL - OMR: TIM209",TIMER,,"(Constant := false, ExternalAccess := Read/Write)"
TAG,,PS14TIMER_STATUS_TMR,"DELAY BEFORE MONITORING "keep V-104 open to Dra... - OMR: TIM211",TIMER,,"(Constant := false, ExternalAccess := Read/Write)"
TAG,,LOWTEMPREC_STATUS_TMR,"LOW TERMPERATURE MINIMUM REC. TIME - OMR: TIM215",TIMER,,"(Constant := false, ExternalAccess := Read/Write)"
TAG,,CS2TIMER_STATUS_TMR,"DELAY AFTER LOW LEVEL B.T. - OMR: TIM222",TIMER,,"(Constant := false, ExternalAccess := Read/Write)"
TAG,,CS3TIMER_STATUS_TMR,"DELAY BEFORE VOTATOR START - OMR: TIM224",TIMER,,"(Constant := false, ExternalAccess := Read/Write)"
TAG,,CS4TIMER_STATUS_TMR,"DELAY BEFORE STEAM - OMR: TIM226",TIMER,,"(Constant := false, ExternalAccess := Read/Write)"
TAG,,CS5TIMER_STATUS_TMR,"PRERINSE TIME - OMR: TIM228",TIMER,,"(Constant := false, ExternalAccess := Read/Write)"
TAG,,CS7TIMER_STATUS_TMR,"RINSE TIME - OMR: TIM230",TIMER,,"(Constant := false, ExternalAccess := Read/Write)"
TAG,,CS10TIMER_STATUS_TMR,"STOP PULSATION VOTATOR - OMR: TIM232",TIMER,,"(Constant := false, ExternalAccess := Read/Write)"
TAG,,CS13TIMER_STATUS_TMR,"DETERGENT TIME #1 - OMR: TIM234",TIMER,,"(Constant := false, ExternalAccess := Read/Write)"
TAG,,CS13MINUS2TIMER_PV_TMR,"DETERGENT TIME - OMR: TIM235",TIMER,,"(Constant := false, ExternalAccess := Read/Write)"
TAG,,CS14TIMER_STATUS_TMR,"RINSE RECIRCULATION - OMR: TIM236",TIMER,,"(Constant := false, ExternalAccess := Read/Write)"
TAG,,CS15TIMER_STATUS_TMR,"DELAY BEFORE EMPTYING B.T. - OMR: TIM238",TIMER,,"(Constant := false, ExternalAccess := Read/Write)"
TAG,,CS17TIMER_STATUS_TMR,"SYSTEM IN RECIRCULATION - OMR: TIM240",TIMER,,"(Constant := false, ExternalAccess := Read/Write)"
TAG,,CS20TIMER_STATUS_TMR,"ACID TIME 10 MIN. - OMR: TIM242",TIMER,,"(Constant := false, ExternalAccess := Read/Write)"
TAG,,ACID_MONTHLY_TIME_15_TMR,"ACID MONTHLY TIME 15 MIN. - OMR: TIM243",TIMER,,"(Constant := false, ExternalAccess := Read/Write)"
TAG,,CS22TIMER_STATUS_TMR,"FLUSH TO DRAIN - OMR: TIM244",TIMER,,"(Constant := false, ExternalAccess := Read/Write)"
TAG,,CS23TIMER_STATUS_TMR,"DELAY BEFORE EMPTYING B.T. - OMR: TIM246",TIMER,,"(Constant := false, ExternalAccess := Read/Write)"
TAG,,SS2TIMER_STATUS_TMR,"WATER FEED - OMR: TIM250",TIMER,,"(Constant := false, ExternalAccess := Read/Write)"
TAG,,SS3TIMER_STATUS_TMR,"EMPTY SEPARATOR - OMR: TIM252",TIMER,,"(Constant := false, ExternalAccess := Read/Write)"
TAG,,SS5TIMER_STATUS_TMR,"DELAY BEFORE WATER TO DRAIN - OMR: TIM254",TIMER,,"(Constant := false, ExternalAccess := Read/Write)"
TAG,,SS6TIMER_STATUS_TMR,"SYSTEM IN RECIRCULATION - OMR: TIM256",TIMER,,"(Constant := false, ExternalAccess := Read/Write)"
TAG,,SS6ATIMER_STATUS_TMR,"10 min delay before stop steam,and P64,72 - OMR: TIM257",TIMER,,"(Constant := false, ExternalAccess := Read/Write)"
TAG,,SS7TIMER_STATUS_TMR,"EMPTY STERILE TANK - OMR: TIM258",TIMER,,"(Constant := false, ExternalAccess := Read/Write)"
TAG,,SS9TIMER_STATUS_TMR,"RECIRCULATION - OMR: TIM260",TIMER,,"(Constant := false, ExternalAccess := Read/Write)"
TAG,,SS10TIMER_STATUS_TMR,"STOP STEAM - OMR: TIM262",TIMER,,"(Constant := false, ExternalAccess := Read/Write)"
TAG,,SS11TIMER_STATUS_TMR,"SHUTDOWN COMPLETED - OMR: TIM264",TIMER,,"(Constant := false, ExternalAccess := Read/Write)"
TAG,,SPARE_STATUS_TMR,"SPARE_Status - OMR: TIM265",TIMER,,"(Constant := false, ExternalAccess := Read/Write)"
TAG,,Tag_5SEC_DELAY_STATUS_TMR,"Sterile tank low level 3 sec delay timer - OMR: TIM266",TIMER,,"(Constant := false, ExternalAccess := Read/Write)"
TAG,,WS1TIMER_STATUS_TMR,"COMPENSATE WATER - OMR: TIM270",TIMER,,"(Constant := false, ExternalAccess := Read/Write)"
TAG,,WS2TIMER_STATUS_TMR,"CLOSE WATER VALVE - OMR: TIM272",TIMER,,"(Constant := false, ExternalAccess := Read/Write)"
TAG,,SLCS1TIMER_STATUS_TMR,"DELAY BEFORE RECIR. - OMR: TIM274",TIMER,,"(Constant := false, ExternalAccess := Read/Write)"
TAG,,SLCS2TIMER_STATUS_TMR,"RECIRCULATION TIME - OMR: TIM275",TIMER,,"(Constant := false, ExternalAccess := Read/Write)"
TAG,,ACID_INJECTION_DONE_TMR,"Sanitizer injection duration timer - OMR: TIM280",TIMER,,"(Constant := false, ExternalAccess := Read/Write)"
TAG,,ACID_MONTHLY_INJECTION_TIMER_TMR,"ACID MONTHLY INJECTION TIMER - OMR: TIM282",TIMER,,"(Constant := false, ExternalAccess := Read/Write)"
TAG,,Tag_3_MIN_TIMER_TMR,"3 min Timer - OMR: TIM290",TIMER,,"(Constant := false, ExternalAccess := Read/Write)"
TAG,,Tag_10_MIN_TIMER_TMR,"10 min Timer - OMR: TIM292",TIMER,,"(Constant := false, ExternalAccess := Read/Write)"
TAG,,Tag_2_MIN_TIMER_TMR,"2 min timer - OMR: TIM293",TIMER,,"(Constant := false, ExternalAccess := Read/Write)"
TAG,,Tag_3_SEC_TIMER_TMR,"3 sec timer - OMR: TIM294",TIMER,,"(Constant := false, ExternalAccess := Read/Write)"
TAG,,CAUSTIC_MAX_DURATION_TIMER_TMR,"Caustic Max. Duration Timer - OMR: TIM296",TIMER,,"(Constant := false, ExternalAccess := Read/Write)"
TAG,,CAUSTIC_PUMP_STOP_DELAY_TMR,"Caustic Pump Stop Delay Timer - OMR: TIM298",TIMER,,"(Constant := false, ExternalAccess := Read/Write)"
TAG,,RINSE_2_MAX_TIME_TMR,"Rinse #2 Max Time - OMR: TIM304",TIMER,,"(Constant := false, ExternalAccess := Read/Write)"
TAG,,DELAY_FOR_VERT_CONDENSER_TMR,"Delay for Vert. Condenser Back Flush - OMR: TIM308",TIMER,,"(Constant := false, ExternalAccess := Read/Write)"
TAG,,END_OF_BACK_FLUSH_TMR,"End of Back Flush - OMR: TIM309",TIMER,,"(Constant := false, ExternalAccess := Read/Write)"
TAG,,P67_OFF_TIME_TMR,"P67 OFF Time - OMR: TIM311",TIMER,,"(Constant := false, ExternalAccess := Read/Write)"
TAG,,STER_CIP_COND_STPT,"Sterilizer CIP Conductivity Setpoint (mS)",DINT,,"(RADIX := Decimal, Constant := false, ExternalAccess := Read/Write)"
TAG,,STER_TR74A,"STERILE LOOP TEMP (After Loop)",DINT,,"(RADIX := Decimal, Constant := false, ExternalAccess := Read/Write)"
TAG,,STER_TR74,"STERILE LOOP TEMP (Before Loop)",DINT,,"(RADIX := Decimal, Constant := false, ExternalAccess := Read/Write)"
TAG,,STER_TR74_OUT_AI,"STER TR74 PID OUTPUT",DINT,,"(RADIX := Decimal, Constant := false, ExternalAccess := Read/Write)"
TAG,,STER_VAC_STPT_AR,"(NGC)",DINT,,"(RADIX := Decimal, Constant := false, ExternalAccess := Read/Write)"
TAG,,STER_VAC_OUT_AI,"STER VAC PID OUTPUT",DINT,,"(RADIX := Decimal, Constant := false, ExternalAccess := Read/Write)"
TAG,,STER_VAC_STPT_AI,"STERILIZER VAC STPT",DINT,,"(RADIX := Decimal, Constant := false, ExternalAccess := Read/Write)"
TAG,,STER_LEVEL_SEP_OUT_AI,"STER SEPARATOR LEVEL PID OUTPUT",DINT,,"(RADIX := Decimal, Constant := false, ExternalAccess := Read/Write)"
TAG,,STER_FLOW_STPT_AI,"FLOWRATE STPT",DINT,,"(RADIX := Decimal, Constant := false, ExternalAccess := Read/Write)"
TAG,,STER_FLOW_OUT_AI,"STER FLOW PID OUTPUT",DINT,,"(RADIX := Decimal, Constant := false, ExternalAccess := Read/Write)"
TAG,,STER_CIP_CAUSTIC_PULSE,"STER CIP CAUSTIC FLOW PULSE (2lt/p)",DINT,,"(RADIX := Decimal, Constant := false, ExternalAccess := Read/Write)"
TAG,,STER_CIP_CAUSTIC_PULSE_PREV,"STERILIZER CIP CAUSTIC FLOW PULSE TOT",DINT,,"(RADIX := Decimal, Constant := false, ExternalAccess := Read/Write)"
TAG,,STERILE_TK_TEMP,"sterile tank temp",DINT,,"(RADIX := Decimal, Constant := false, ExternalAccess := Read/Write)"
TAG,,STER_P118_START_DO,"P118 PUSH BUTTON",BOOL,,"(RADIX := Decimal, Constant := false, ExternalAccess := Read/Write)"
TAG,,SYS_WATCH_STER_OPEN,"MONITOR 1 MIN TIMER 254.0",BOOL,,"(RADIX := Decimal, Constant := false, ExternalAccess := Read/Write)"
TAG,,STER_CIP_MANUAL_DO,"STERILIZER CIP",BOOL,,"(RADIX := Decimal, Constant := false, ExternalAccess := Read/Write)"
TAG,,STER_CIP_AUTO_DO,"STERILIZER CIP",BOOL,,"(RADIX := Decimal, Constant := false, ExternalAccess := Read/Write)"
TAG,,STER_CIP_MONTH_DO,"STERILIZER CIP",BOOL,,"(RADIX := Decimal, Constant := false, ExternalAccess := Read/Write)"
TAG,,STER_CIP_SHORT_DO,"STERILIZER CIP",BOOL,,"(RADIX := Decimal, Constant := false, ExternalAccess := Read/Write)"
TAG,,STER_CIP_MANUAL_PB_DI,"",BOOL,,"(RADIX := Decimal, Constant := false, ExternalAccess := Read/Write)"
TAG,,STER_CIP_AUTO_PB_DI,"",BOOL,,"(RADIX := Decimal, Constant := false, ExternalAccess := Read/Write)"
TAG,,STER_CIP_MONTH_PB_DI,"",BOOL,,"(RADIX := Decimal, Constant := false, ExternalAccess := Read/Write)"
TAG,,STER_CIP_SHORT_PB_DI,"",BOOL,,"(RADIX := Decimal, Constant := false, ExternalAccess := Read/Write)"
TAG,,STER_CIP_DTRGNT_FLOW_LO,"Sterilizer CIP Detergent Flow Low",BOOL,,"(RADIX := Decimal, Constant := false, ExternalAccess := Read/Write)"
TAG,,STER_CIP_DTRGNT_COND_LO,"Sterilizer CIP Detergent Conductivity LO",BOOL,,"(RADIX := Decimal, Constant := false, ExternalAccess := Read/Write)"
TAG,,STER_490_10,"",BOOL,,"(RADIX := Decimal, Constant := false, ExternalAccess := Read/Write)"
TAG,,STER_490_11,"",BOOL,,"(RADIX := Decimal, Constant := false, ExternalAccess := Read/Write)"
TAG,,STER_PH_SFTK_INTLK_ALM,"Cannot Start CIP - Close Outlet Valves",BOOL,,"(RADIX := Decimal, Constant := false, ExternalAccess := Read/Write)"
TAG,,STER_TIM_245,"TIMER 245 STATUS",BOOL,,"(RADIX := Decimal, Constant := false, ExternalAccess := Read/Write)"
TAG,,STER_TIM_247,"TIMER 247 STATUS",BOOL,,"(RADIX := Decimal, Constant := false, ExternalAccess := Read/Write)"
TAG,,STER_TIM_248,"TIMER 248 STATUS",BOOL,,"(RADIX := Decimal, Constant := false, ExternalAccess := Read/Write)"
TAG,,STER_TIM_249,"TIMER 249 STATUS",BOOL,,"(RADIX := Decimal, Constant := false, ExternalAccess := Read/Write)"
